paso_global,loss,q_promedio,target_promedio,epsilon,tamano_buffer,tiempo_segundos
10000,0.01997959241271019,-0.0020651635713875294,0.07900410145521164,0.964,10000,5.444786071777344
11000,0.01480191946029663,0.07153752446174622,0.08002607524394989,0.9604,11000,8.508608102798462
12000,0.01642087660729885,0.0632576197385788,0.07994601875543594,0.9568,12000,11.341398000717163
13000,0.015251101925969124,0.06999348104000092,0.08007100224494934,0.9532,13000,14.157327890396118
14000,0.00010630647739162669,0.05823178589344025,0.04881742596626282,0.9496,14000,16.8975989818573
15000,0.04448910802602768,0.07985138893127441,0.14270718395709991,0.946,15000,19.681389808654785
16000,0.01529880240559578,0.05886811017990112,0.0801505446434021,0.9424,16000,22.642916917800903
17000,0.014614015817642212,0.06371111422777176,0.08033795654773712,0.9388,17000,25.794286966323853
18000,0.014477834105491638,0.07207821309566498,0.08009829372167587,0.9352,18000,28.781506061553955
19000,0.02919907309114933,0.06563232839107513,0.11124246567487717,0.9316,19000,31.822650909423828
20000,0.0005017633084207773,0.0702466368675232,0.04882870987057686,0.9279999999999999,20000,34.714399099349976
21000,0.0003773756616283208,0.09914229810237885,0.08076700568199158,0.9244,20000,37.72305202484131
22000,0.01499856449663639,0.10510315001010895,0.1112612709403038,0.9208000000000001,20000,40.63809108734131
23000,0.0010151331080123782,0.10915026068687439,0.0784502774477005,0.9172,20000,43.599031925201416
24000,0.0005214971024543047,0.0972793698310852,0.07398337125778198,0.9136,20000,46.50822901725769
25000,0.01463620737195015,0.08987337350845337,0.11136692762374878,0.91,20000,49.71860694885254
26000,0.0006811117636971176,0.10601894557476044,0.0834650844335556,0.9064,20000,52.74877190589905
27000,0.01038957666605711,0.09069641679525375,0.11360117048025131,0.9028,20000,55.78850698471069
28000,0.015031286515295506,0.08161845803260803,0.11037898063659668,0.8992,20000,58.828943967819214
29000,0.0013899127952754498,0.11950347572565079,0.08806107193231583,0.8956,20000,61.99226403236389
30000,0.00042712801950983703,0.0892697423696518,0.08145613223314285,0.892,20000,65.0715548992157
31000,0.01493692584335804,0.12335589528083801,0.13964994251728058,0.8884,20000,68.10809993743896
32000,0.00036995980190113187,0.10701481997966766,0.11486699432134628,0.8848,20000,71.17512202262878
33000,0.008389863185584545,0.1593472808599472,0.1440572738647461,0.8812,20000,74.26008200645447
34000,0.014878010377287865,0.10420476645231247,0.1437315046787262,0.8775999999999999,20000,77.34260511398315
35000,0.011809061281383038,0.16607341170310974,0.17542362213134766,0.874,20000,80.494637966156
36000,0.03520457446575165,0.15875494480133057,0.19543755054473877,0.8704000000000001,20000,83.45370197296143
37000,0.0023812782019376755,0.1422044038772583,0.1401149332523346,0.8668,20000,86.51971197128296
38000,0.03131674602627754,0.15095984935760498,0.21364206075668335,0.8632,20000,89.54851198196411
39000,0.015524801798164845,0.10474901646375656,0.1466945856809616,0.8596,20000,92.48260402679443
40000,0.0003262388054281473,0.11823949962854385,0.11593902111053467,0.856,20000,95.46494793891907
41000,0.0008219684823416173,0.15184251964092255,0.13071687519550323,0.8524,20000,98.54432201385498
42000,0.0007871331181377172,0.1425238996744156,0.13466881215572357,0.8488,20000,101.7238998413086
43000,0.0007173428311944008,0.14636269211769104,0.12059822678565979,0.8452,20000,104.87815880775452
44000,0.013790380209684372,0.16343440115451813,0.1811458170413971,0.8416,20000,108.06957387924194
45000,0.02033054828643799,0.16044297814369202,0.18812881410121918,0.838,20000,111.12994408607483
46000,0.01684350147843361,0.1911253035068512,0.16271089017391205,0.8344,20000,114.30084896087646
47000,0.0005395154585130513,0.13256675004959106,0.1428295224905014,0.8308,20000,117.378573179245
48000,0.017344193533062935,0.14697110652923584,0.14821462333202362,0.8271999999999999,20000,120.45433306694031
49000,0.0011218280997127295,0.1711457520723343,0.14091099798679352,0.8236,20000,123.51919293403625
50000,0.016510089859366417,0.153981015086174,0.14972233772277832,0.82,20000,126.68328881263733
51000,0.004115420393645763,0.20335552096366882,0.17757099866867065,0.8164,20000,135.1224319934845
52000,0.0003047868958674371,0.21151843667030334,0.20863811671733856,0.8128,20000,138.34217977523804
53000,0.0055014630779623985,0.28497064113616943,0.29184797406196594,0.8092,20000,141.57696890830994
54000,0.021973691880702972,0.24386051297187805,0.29437676072120667,0.8056,20000,144.9173560142517
55000,0.006778056267648935,0.2514745891094208,0.2289254069328308,0.802,20000,148.07798790931702
56000,0.0028096958994865417,0.2358134239912033,0.2514796257019043,0.7984,20000,151.68110609054565
57000,0.0011976788518950343,0.23404332995414734,0.21063965559005737,0.7948,20000,154.83560395240784
58000,0.000814184604678303,0.17858260869979858,0.15818941593170166,0.7912,20000,158.00898694992065
59000,0.03159263730049133,0.21305842697620392,0.27000805735588074,0.7876,20000,161.16210317611694
60000,0.0008706204243935645,0.20840239524841309,0.19843408465385437,0.784,20000,164.30693101882935
61000,0.005897025112062693,0.3396831154823303,0.3228612244129181,0.7804,20000,167.4672667980194
62000,0.0004575256025418639,0.21234571933746338,0.20462405681610107,0.7767999999999999,20000,170.6761338710785
63000,0.01407687645405531,0.25256839394569397,0.2672932744026184,0.7732,20000,173.83032774925232
64000,0.007954822853207588,0.25025826692581177,0.26891759037971497,0.7696,20000,177.02267289161682
65000,0.0022693502251058817,0.25711148977279663,0.22844845056533813,0.766,20000,180.1853539943695
66000,0.0013778116554021835,0.2021580934524536,0.19758069515228271,0.7624,20000,183.6297309398651
67000,0.015949450433254242,0.2599560618400574,0.26592904329299927,0.7587999999999999,20000,187.00449299812317
68000,0.0016085435636341572,0.24287229776382446,0.2198256552219391,0.7552,20000,190.35050702095032
69000,0.0016772605013102293,0.25768834352493286,0.25351977348327637,0.7515999999999999,20000,193.67941784858704
70000,0.003202092368155718,0.2872989773750305,0.28078100085258484,0.748,20000,197.16364908218384
71000,0.00738504296168685,0.3072851300239563,0.2773017883300781,0.7444,20000,200.54927015304565
72000,0.015119404532015324,0.35700559616088867,0.3507802188396454,0.7408,20000,204.02850103378296
73000,0.004889238625764847,0.3014923334121704,0.3057982325553894,0.7372000000000001,20000,207.5107409954071
74000,0.004016530234366655,0.3861062228679657,0.3758280277252197,0.7336,20000,210.7800669670105
75000,0.016789695248007774,0.29714590311050415,0.30914628505706787,0.73,20000,214.12304282188416
76000,0.005735618527978659,0.3374764621257782,0.32119011878967285,0.7263999999999999,20000,217.58761596679688
77000,0.004734859336167574,0.3339662551879883,0.3494357466697693,0.7228,20000,221.0128378868103
78000,0.006098100915551186,0.3412410020828247,0.34675222635269165,0.7192000000000001,20000,224.39018082618713
79000,0.0014744419604539871,0.332985520362854,0.324079692363739,0.7156,20000,227.83271718025208
80000,0.009388727135956287,0.24307891726493835,0.2898082137107849,0.712,20000,231.20703387260437
81000,0.000821344496216625,0.2877499461174011,0.2793528437614441,0.7083999999999999,20000,234.66816210746765
82000,0.0205861683934927,0.29003462195396423,0.351595401763916,0.7048,20000,238.0731680393219
83000,0.000757826492190361,0.2182384878396988,0.21016474068164825,0.7012,20000,241.60809993743896
84000,0.0018039406277239323,0.2812710702419281,0.26895660161972046,0.6976,20000,245.01383709907532
85000,0.0007271433714777231,0.30655813217163086,0.2917131185531616,0.694,20000,248.33056592941284
86000,0.015494325198233128,0.23270267248153687,0.2600984573364258,0.6904,20000,251.60108399391174
87000,0.0014797654002904892,0.27843254804611206,0.28016236424446106,0.6868000000000001,20000,254.80172491073608
88000,0.0008988034096546471,0.3544232249259949,0.33542460203170776,0.6832,20000,258.0234889984131
89000,0.0025079953484237194,0.2965761721134186,0.3227109909057617,0.6796,20000,261.51178908348083
90000,0.007667601108551025,0.26464203000068665,0.2988860607147217,0.6759999999999999,20000,265.05225896835327
91000,0.0021898571867495775,0.36439138650894165,0.343500554561615,0.6724,20000,268.7234470844269
92000,0.00796936359256506,0.35207247734069824,0.4008181393146515,0.6688000000000001,20000,272.4517331123352
93000,0.007715531624853611,0.31134888529777527,0.324871301651001,0.6652,20000,275.9219579696655
94000,0.003579811193048954,0.2768787741661072,0.29552292823791504,0.6616,20000,279.4200201034546
95000,0.010550596751272678,0.3060450851917267,0.3331649899482727,0.6579999999999999,20000,282.8850009441376
96000,0.0069256373681128025,0.30778148770332336,0.2922518849372864,0.6544,20000,286.33149814605713
97000,0.017112605273723602,0.2558831572532654,0.28227484226226807,0.6508,20000,289.77444887161255
98000,0.015278596431016922,0.2998426556587219,0.31416094303131104,0.6472,20000,293.24179697036743
99000,0.0013389765517786145,0.2730339765548706,0.2765659689903259,0.6436,20000,296.6354949474335
100000,0.005478951148688793,0.28192171454429626,0.21730941534042358,0.6399999999999999,20000,300.06586503982544
101000,0.002784916665405035,0.3756370544433594,0.3671554625034332,0.6364,20000,309.29636096954346
102000,0.0011509583564475179,0.38242480158805847,0.3624518811702728,0.6328,20000,312.8307399749756
103000,0.005510278977453709,0.41524243354797363,0.3940925598144531,0.6292,20000,316.23475885391235
104000,0.0014795777387917042,0.3195841908454895,0.2980506122112274,0.6255999999999999,20000,319.6903088092804
105000,0.01507640816271305,0.3728210926055908,0.3861019015312195,0.622,20000,322.99247908592224
106000,0.015743492171168327,0.3769957423210144,0.3731726408004761,0.6184000000000001,20000,326.3467059135437
107000,0.028748640790581703,0.47157078981399536,0.5494049787521362,0.6148,20000,329.7117578983307
108000,0.002710694447159767,0.2877050042152405,0.27689269185066223,0.6112,20000,333.03367710113525
109000,0.0032094204798340797,0.3902629613876343,0.3840509057044983,0.6075999999999999,20000,336.4173641204834
110000,0.005181368440389633,0.42270806431770325,0.405373752117157,0.604,20000,339.7732141017914
111000,0.005824340973049402,0.3426321744918823,0.3488284945487976,0.6004,20000,343.1454839706421
112000,0.004063017200678587,0.40148693323135376,0.4339090883731842,0.5968,20000,346.5360598564148
113000,0.0010740429861471057,0.37616050243377686,0.3839883804321289,0.5932,20000,350.0523579120636
114000,0.006893697194755077,0.4794923961162567,0.4313218593597412,0.5895999999999999,20000,353.6572051048279
115000,0.00155857193749398,0.360702246427536,0.32869186997413635,0.586,20000,357.0965950489044
116000,0.008383546024560928,0.5431522130966187,0.5028049349784851,0.5824,20000,360.6092450618744
117000,0.01843954622745514,0.4739576578140259,0.5005238056182861,0.5788,20000,364.0643332004547
118000,0.0025867291260510683,0.40421274304389954,0.3834690451622009,0.5751999999999999,20000,367.6821060180664
119000,0.00224272720515728,0.5057350397109985,0.4898405075073242,0.5716,20000,371.2249529361725
120000,0.009306288324296474,0.5081047415733337,0.5483657121658325,0.5680000000000001,20000,374.82609701156616
121000,0.005975767970085144,0.4671713709831238,0.4679412245750427,0.5644,20000,378.3276438713074
122000,0.015478966757655144,0.5427769422531128,0.5549256205558777,0.5608,20000,381.85999298095703
123000,0.002491009421646595,0.4365437924861908,0.45575571060180664,0.5571999999999999,20000,385.40159487724304
124000,0.0025941331405192614,0.4597403407096863,0.44557854533195496,0.5536,20000,388.96510791778564
125000,0.002853209152817726,0.4467894732952118,0.4329443871974945,0.55,20000,392.6414358615875
126000,0.009042701683938503,0.4955698251724243,0.5082850456237793,0.5464,20000,396.3292999267578
127000,0.0026428881101310253,0.40555745363235474,0.3861925005912781,0.5428,20000,399.7667751312256
128000,0.006251138634979725,0.5568158626556396,0.5425689220428467,0.5391999999999999,20000,403.2357120513916
129000,0.0012253078166395426,0.4657433032989502,0.4611921012401581,0.5356,20000,406.66054677963257
130000,0.012956114485859871,0.5409698486328125,0.5856804847717285,0.532,20000,410.0514929294586
131000,0.002346280962228775,0.4942825436592102,0.4933145046234131,0.5284,20000,413.6547529697418
132000,0.0009726103744469583,0.4503362774848938,0.463748037815094,0.5247999999999999,20000,417.2937390804291
133000,0.015344717539846897,0.5266492366790771,0.5320867300033569,0.5211999999999999,20000,420.92711782455444
134000,0.004350141156464815,0.49722105264663696,0.5095844864845276,0.5176,20000,424.5383369922638
135000,0.0040041604079306126,0.484692245721817,0.485897421836853,0.514,20000,428.1930339336395
136000,0.014688007533550262,0.6511607766151428,0.580411434173584,0.5104,20000,431.87890887260437
137000,0.0026409060228616,0.43083053827285767,0.4231007695198059,0.5067999999999999,20000,435.5851860046387
138000,0.0021523311734199524,0.40501415729522705,0.38488540053367615,0.5031999999999999,20000,439.1623868942261
139000,0.004991233814507723,0.512636125087738,0.48969483375549316,0.49959999999999993,20000,443.01981711387634
140000,0.015945913270115852,0.44497770071029663,0.45194053649902344,0.4959999999999999,20000,446.6216661930084
141000,0.014190055429935455,0.5324956178665161,0.5328406691551208,0.49240000000000006,20000,450.3719530105591
142000,0.004810885060578585,0.43505650758743286,0.433531254529953,0.4888,20000,454.1928689479828
143000,0.008407642133533955,0.5606231689453125,0.5562554597854614,0.4852000000000001,20000,457.8237898349762
144000,0.004342616535723209,0.4898849427700043,0.4978335499763489,0.48160000000000003,20000,461.54183411598206
145000,0.005151178687810898,0.6123119592666626,0.6424721479415894,0.478,20000,465.19280910491943
146000,0.011890603229403496,0.49732232093811035,0.5090643763542175,0.47440000000000004,20000,469.00059700012207
147000,0.010352589190006256,0.6115565299987793,0.6644310355186462,0.4708,20000,472.7884078025818
148000,0.0009781568078324199,0.437313437461853,0.4136091470718384,0.46720000000000006,20000,476.4939332008362
149000,0.005215887445956469,0.4842018485069275,0.4847157895565033,0.4636,20000,480.0773289203644
150000,0.012516424991190434,0.5223072171211243,0.5354400873184204,0.45999999999999996,20000,483.7584969997406
151000,0.003060908056795597,0.5812413096427917,0.5747333765029907,0.45640000000000003,20000,493.9759359359741
152000,0.010669030249118805,0.6246252059936523,0.6216193437576294,0.4528,20000,497.69907999038696
153000,0.009106369689106941,0.5571262240409851,0.5695968866348267,0.44920000000000004,20000,501.34029388427734
154000,0.011014280840754509,0.5910294055938721,0.5274270176887512,0.4456,20000,504.88813495635986
155000,0.0037741027772426605,0.6464139819145203,0.6485300064086914,0.44199999999999995,20000,508.5070731639862
156000,0.0046438854187726974,0.5778497457504272,0.6206332445144653,0.4384,20000,512.2226440906525
157000,0.003803982399404049,0.799689531326294,0.7832610607147217,0.43479999999999996,20000,516.0682370662689
158000,0.0032629924826323986,0.6043645143508911,0.555321216583252,0.4312,20000,519.7547080516815
159000,0.009028114378452301,0.598545253276825,0.6080977320671082,0.4276,20000,523.4179580211639
160000,0.008058776147663593,0.609439492225647,0.6401902437210083,0.42399999999999993,20000,527.2274708747864
161000,0.017796918749809265,0.5224177837371826,0.5979188084602356,0.4204,20000,531.0063970088959
162000,0.003657686524093151,0.5374124050140381,0.5640391111373901,0.41679999999999995,20000,534.7790460586548
163000,0.009389996528625488,0.7595251798629761,0.7861071825027466,0.4132,20000,538.4049627780914
164000,0.008729113265872002,0.4541630148887634,0.5045449137687683,0.40959999999999996,20000,542.1138429641724
165000,0.010825008153915405,0.5620338916778564,0.5779741406440735,0.4059999999999999,20000,545.8671219348907
166000,0.010817792266607285,0.6211350560188293,0.6731796264648438,0.4024,20000,549.6741609573364
167000,0.004542353563010693,0.6454120874404907,0.6458349227905273,0.39879999999999993,20000,553.6117329597473
168000,0.01953011378645897,0.6175063848495483,0.6456236839294434,0.3952,20000,558.046952009201
169000,0.012504521757364273,0.8482768535614014,0.8712948560714722,0.39159999999999995,20000,561.9151029586792
170000,0.0043383510783314705,0.6977746486663818,0.6903637647628784,0.3879999999999999,20000,565.780690908432
171000,0.005231859628111124,0.6840908527374268,0.6988130807876587,0.38439999999999996,20000,569.5015828609467
172000,0.012715330347418785,0.7532104253768921,0.7390596270561218,0.3808,20000,573.4099469184875
173000,0.003983345348387957,0.6240509152412415,0.6180130243301392,0.3772,20000,577.3838548660278
174000,0.01016135886311531,0.7357683181762695,0.7202410101890564,0.37360000000000004,20000,581.226616859436
175000,0.004811761435121298,0.6336628198623657,0.6636384725570679,0.37,20000,585.2589139938354
176000,0.011560325510799885,0.6335732936859131,0.6542019248008728,0.36640000000000006,20000,589.264946937561
177000,0.005694542080163956,0.6805360913276672,0.6776044964790344,0.3628,20000,593.1407480239868
178000,0.007341919466853142,0.7181321382522583,0.7439687252044678,0.35919999999999996,20000,597.1739399433136
179000,0.019172009080648422,0.678345263004303,0.7118252515792847,0.3556,20000,601.0057570934296
180000,0.004843234084546566,0.7296504378318787,0.7596418857574463,0.352,20000,604.9982039928436
181000,0.015648942440748215,0.8034138679504395,0.8083193302154541,0.34840000000000004,20000,608.965912103653
182000,0.0045267934910953045,0.7120137810707092,0.6995365619659424,0.3448,20000,613.074294090271
183000,0.00857078842818737,0.727597713470459,0.7195956707000732,0.34119999999999995,20000,617.1807849407196
184000,0.005775196012109518,0.6865605115890503,0.719109296798706,0.3376,20000,621.0552258491516
185000,0.0032600965350866318,0.6950618028640747,0.7179219722747803,0.33399999999999996,20000,625.0552620887756
186000,0.0015972440596669912,0.7578243017196655,0.749915599822998,0.3304,20000,628.8350119590759
187000,0.020800864323973656,0.6824283599853516,0.6549034118652344,0.3268,20000,632.600949048996
188000,0.0052314624190330505,0.8062645196914673,0.7984421253204346,0.32319999999999993,20000,636.4992170333862
189000,0.0038497154600918293,0.7975744605064392,0.7529850602149963,0.3196,20000,640.3667330741882
190000,0.0029857386834919453,0.7504900693893433,0.7466503381729126,0.31599999999999995,20000,644.1446149349213
191000,0.005899898707866669,0.8542534708976746,0.8534648418426514,0.3124,20000,648.175127029419
192000,0.017662862315773964,0.6940197944641113,0.7029047012329102,0.30879999999999996,20000,652.0577290058136
193000,0.006708837114274502,0.8577382564544678,0.9118311405181885,0.3051999999999999,20000,655.9887671470642
194000,0.002874298021197319,0.7619563937187195,0.737594485282898,0.3016,20000,659.906476020813
195000,0.005459543317556381,0.7006076574325562,0.701717734336853,0.29799999999999993,20000,663.9512851238251
196000,0.01892482116818428,0.6943296790122986,0.6987251043319702,0.2944,20000,667.907210111618
197000,0.02440463751554489,0.7891319394111633,0.8501256704330444,0.29079999999999995,20000,671.8890058994293
198000,0.030689990147948265,0.811740517616272,0.8048176765441895,0.2871999999999999,20000,675.8585059642792
199000,0.02878943458199501,0.6896388530731201,0.7771174907684326,0.28359999999999996,20000,679.8725299835205
200000,0.009723687544465065,0.6904442310333252,0.6627485156059265,0.2799999999999999,20000,683.7919659614563
201000,0.005815392825752497,0.9476324319839478,0.9388113021850586,0.2764,20000,692.2920987606049
202000,0.010464202612638474,0.8718570470809937,0.8346588611602783,0.27279999999999993,20000,696.2756810188293
203000,0.005538317374885082,0.8820149898529053,0.8490417003631592,0.2691999999999999,20000,700.3226850032806
204000,0.01032211259007454,0.9176703095436096,0.9423791766166687,0.26560000000000006,20000,704.4376268386841
205000,0.018082106485962868,0.9544612765312195,0.9265334606170654,0.262,20000,708.5464341640472
206000,0.014780313707888126,0.7619826793670654,0.8199236392974854,0.2584000000000001,20000,712.6138708591461
207000,0.0028814352117478848,0.7668999433517456,0.7544693946838379,0.2548,20000,716.5862560272217
208000,0.010832005180418491,0.881840705871582,0.9231781959533691,0.2512,20000,720.3248579502106
209000,0.007759077474474907,0.816571831703186,0.7900878190994263,0.24760000000000004,20000,724.310131072998
210000,0.003510198090225458,0.7842404842376709,0.8257688283920288,0.244,20000,728.345587015152
211000,0.015736987814307213,0.9644588232040405,1.0154039859771729,0.24040000000000006,20000,732.219731092453
212000,0.010575668886303902,0.7091225981712341,0.7173923850059509,0.2368,20000,736.0740189552307
213000,0.008124426938593388,0.742563009262085,0.7839409112930298,0.23319999999999996,20000,739.9888849258423
214000,0.008157826960086823,0.7641165256500244,0.7571976184844971,0.22960000000000003,20000,743.9937899112701
215000,0.009019218385219574,1.0220370292663574,1.0329408645629883,0.22599999999999998,20000,747.8603270053864
216000,0.004098055884242058,0.8498307466506958,0.83149254322052,0.22240000000000004,20000,751.7003879547119
217000,0.009257525205612183,1.0235228538513184,0.9959145188331604,0.2188,20000,755.7560651302338
218000,0.02111869305372238,0.8626886010169983,0.9015065431594849,0.21519999999999995,20000,759.7558941841125
219000,0.004208558704704046,0.889029324054718,0.8881586194038391,0.2116,20000,763.6647498607635
220000,0.006533784791827202,0.8327513933181763,0.7664860486984253,0.20799999999999996,20000,767.4807250499725
221000,0.013925792649388313,0.9506857395172119,0.9759799242019653,0.20440000000000003,20000,771.5820970535278
222000,0.008514028042554855,0.803906261920929,0.8302336931228638,0.20079999999999998,20000,775.5969350337982
223000,0.0031309030018746853,0.8268047571182251,0.796413779258728,0.19719999999999993,20000,779.8318967819214
224000,0.013719979673624039,0.9956623315811157,0.9791127443313599,0.1936,20000,783.892068862915
225000,0.0030326899141073227,0.8630253672599792,0.8680471777915955,0.18999999999999995,20000,788.0284259319305
226000,0.004905275069177151,0.8223611116409302,0.8599416613578796,0.1864,20000,791.978147983551
227000,0.014063142240047455,0.8884909152984619,0.9106717705726624,0.18279999999999996,20000,796.0936551094055
228000,0.009537570178508759,1.1319668292999268,1.1597001552581787,0.17919999999999991,20000,800.3219609260559
229000,0.006959185004234314,0.9797801971435547,0.9382690191268921,0.17559999999999998,20000,804.4550240039825
230000,0.01690811663866043,0.9582812190055847,0.9817696809768677,0.17199999999999993,20000,808.6054079532623
231000,0.01647641509771347,0.8431341648101807,0.833673357963562,0.1684,20000,812.7299289703369
232000,0.010135043412446976,1.112755537033081,1.090150237083435,0.16479999999999995,20000,816.9067189693451
233000,0.006632713600993156,0.9233129620552063,0.910210132598877,0.1611999999999999,20000,820.9021589756012
234000,0.0036187346559017897,0.8955421447753906,0.8678335547447205,0.15759999999999996,20000,825.039617061615
235000,0.00322629208676517,1.0496132373809814,1.0385446548461914,0.15400000000000003,20000,829.396546125412
236000,0.00874403864145279,0.9504397511482239,0.8876481056213379,0.15039999999999998,20000,833.5017559528351
237000,0.006053601857274771,0.9916567802429199,1.0106303691864014,0.14680000000000004,20000,837.8386809825897
238000,0.008185334503650665,0.9690536260604858,1.0047670602798462,0.1432,20000,841.8222029209137
239000,0.007722142618149519,0.86904376745224,0.8985453844070435,0.13960000000000006,20000,845.8278348445892
240000,0.002390905050560832,0.6569738388061523,0.6388988494873047,0.136,20000,849.8626801967621
241000,0.005908655468374491,1.0544661283493042,1.0076119899749756,0.13239999999999996,20000,853.9207060337067
242000,0.009257236495614052,1.082244873046875,1.0431042909622192,0.12880000000000003,20000,858.1059138774872
243000,0.009155645966529846,1.0559887886047363,1.021276831626892,0.12519999999999998,20000,862.4598169326782
244000,0.004274674691259861,1.0436866283416748,1.0523207187652588,0.12160000000000004,20000,866.5606069564819
245000,0.005152584984898567,0.9500434398651123,0.9345404505729675,0.118,20000,870.8132228851318
246000,0.01844416931271553,0.8718844056129456,0.9306758642196655,0.11439999999999995,20000,875.074728012085
247000,0.0036544548347592354,1.0282931327819824,1.0495376586914062,0.11080000000000001,20000,879.2345690727234
248000,0.014300713315606117,1.0677762031555176,1.059762954711914,0.10719999999999996,20000,883.5887241363525
249000,0.02338281273841858,1.1174054145812988,1.170447826385498,0.10360000000000003,20000,887.7964010238647
250000,0.0022237561643123627,0.8465569615364075,0.8486311435699463,0.09999999999999998,20000,892.239207983017
251000,0.015938231721520424,1.2503858804702759,1.2618048191070557,0.09999999999999998,20000,901.5780611038208
252000,0.00945302564650774,1.1837000846862793,1.1792724132537842,0.09999999999999998,20000,905.7743208408356
253000,0.012798968702554703,1.0642582178115845,1.1200281381607056,0.09999999999999998,20000,909.947506904602
254000,0.003033897140994668,1.0148454904556274,1.0376776456832886,0.09999999999999998,20000,914.2501587867737
255000,0.004384605213999748,0.9928392767906189,0.9926285743713379,0.09999999999999998,20000,918.2924239635468
256000,0.0044216737151145935,1.0958857536315918,1.0359923839569092,0.09999999999999998,20000,922.4151298999786
257000,0.01338668167591095,1.0758342742919922,1.0203195810317993,0.09999999999999998,20000,926.7174389362335
258000,0.004051771946251392,1.0445218086242676,1.046731948852539,0.09999999999999998,20000,930.8509159088135
259000,0.009436233900487423,1.0760142803192139,1.128814458847046,0.09999999999999998,20000,935.0996518135071
260000,0.019991815090179443,0.9848766922950745,0.9907544851303101,0.09999999999999998,20000,939.3150060176849
261000,0.014864720404148102,1.1973532438278198,1.21718430519104,0.09999999999999998,20000,943.4233438968658
262000,0.002583329565823078,0.9084913730621338,0.9056600332260132,0.09999999999999998,20000,947.6797389984131
263000,0.003980339039117098,1.0352497100830078,1.0269579887390137,0.09999999999999998,20000,951.9049611091614
264000,0.008161892183125019,1.0269113779067993,1.023122787475586,0.09999999999999998,20000,956.234522819519
265000,0.004549768753349781,1.1911203861236572,1.206714391708374,0.09999999999999998,20000,960.4031660556793
266000,0.006194362882524729,1.1205527782440186,1.151113748550415,0.09999999999999998,20000,964.6638600826263
267000,0.016338687390089035,1.0682768821716309,1.1002418994903564,0.09999999999999998,20000,968.9389629364014
268000,0.021963076665997505,1.2512991428375244,1.2284941673278809,0.09999999999999998,20000,973.1087560653687
269000,0.015371311455965042,1.125504493713379,1.1395981311798096,0.09999999999999998,20000,977.3388319015503
270000,0.017005693167448044,1.1583335399627686,1.1820712089538574,0.09999999999999998,20000,981.4949078559875
271000,0.016707880422472954,1.123157024383545,1.1429543495178223,0.09999999999999998,20000,985.7512631416321
272000,0.00565372733399272,1.0464348793029785,1.0740892887115479,0.09999999999999998,20000,989.9360089302063
273000,0.004010217264294624,1.212009072303772,1.2309502363204956,0.09999999999999998,20000,994.1108849048615
274000,0.026088876649737358,1.156982660293579,1.2439883947372437,0.09999999999999998,20000,998.2443280220032
275000,0.02244194969534874,1.1738481521606445,1.2095431089401245,0.09999999999999998,20000,1002.2664499282837
276000,0.02330903336405754,0.9732139110565186,1.000967264175415,0.09999999999999998,20000,1006.4014539718628
277000,0.01038542203605175,0.9768615961074829,0.989133358001709,0.09999999999999998,20000,1010.7848479747772
278000,0.02476419135928154,1.0783839225769043,1.0821919441223145,0.09999999999999998,20000,1014.9978818893433
279000,0.010243957862257957,1.115926742553711,1.134739875793457,0.09999999999999998,20000,1019.2034339904785
280000,0.028298383578658104,1.1746554374694824,1.2024459838867188,0.09999999999999998,20000,1023.4421708583832
281000,0.0063512977212667465,1.1882338523864746,1.2102701663970947,0.09999999999999998,20000,1027.5886490345001
282000,0.003302503377199173,1.2721482515335083,1.278286099433899,0.09999999999999998,20000,1031.9395499229431
283000,0.01596181094646454,1.0900747776031494,1.1007599830627441,0.09999999999999998,20000,1036.0878570079803
284000,0.007992167957127094,1.2030664682388306,1.1975935697555542,0.09999999999999998,20000,1040.2666471004486
285000,0.009391549043357372,1.195993185043335,1.2481586933135986,0.09999999999999998,20000,1044.5094211101532
286000,0.006263655610382557,1.0165252685546875,1.055019736289978,0.09999999999999998,20000,1048.7372250556946
287000,0.014442073181271553,1.456147313117981,1.438035249710083,0.09999999999999998,20000,1053.053615808487
288000,0.004552115686237812,1.0957454442977905,1.099794626235962,0.09999999999999998,20000,1057.2728989124298
289000,0.013701120391488075,1.447974681854248,1.4471707344055176,0.09999999999999998,20000,1061.4533860683441
290000,0.014736112207174301,1.3192925453186035,1.3566110134124756,0.09999999999999998,20000,1065.6277980804443
291000,0.0033304081298410892,1.3574438095092773,1.371921181678772,0.09999999999999998,20000,1069.9588770866394
292000,0.016610054299235344,1.3053946495056152,1.3170275688171387,0.09999999999999998,20000,1074.089238166809
293000,0.006126752123236656,0.9966853260993958,0.9812262058258057,0.09999999999999998,20000,1078.0574090480804
294000,0.007480297237634659,1.1328648328781128,1.1394728422164917,0.09999999999999998,20000,1082.1397588253021
295000,0.01861528307199478,1.2816060781478882,1.3275147676467896,0.09999999999999998,20000,1086.3488788604736
296000,0.015269781462848186,1.0764596462249756,1.115985631942749,0.09999999999999998,20000,1090.4874749183655
297000,0.0031448216177523136,1.0101031064987183,0.995163083076477,0.09999999999999998,20000,1094.7278499603271
298000,0.01623677834868431,1.3802878856658936,1.3756816387176514,0.09999999999999998,20000,1098.9115250110626
299000,0.007068248465657234,1.0059502124786377,1.0272051095962524,0.09999999999999998,20000,1103.1502170562744
300000,0.007077675312757492,1.1425538063049316,1.2048377990722656,0.09999999999999998,20000,1107.2477540969849
301000,0.003450763411819935,1.1994575262069702,1.2161903381347656,0.09999999999999998,20000,1117.7821741104126
302000,0.020583439618349075,1.176835298538208,1.2115591764450073,0.09999999999999998,20000,1121.7953209877014
303000,0.020914506167173386,1.3520289659500122,1.395546555519104,0.09999999999999998,20000,1125.9243128299713
304000,0.014277026057243347,1.3444868326187134,1.3446741104125977,0.09999999999999998,20000,1130.0443201065063
305000,0.0041741556487977505,1.0515379905700684,1.0394434928894043,0.09999999999999998,20000,1133.9612710475922
306000,0.007951397448778152,1.4517014026641846,1.504945993423462,0.09999999999999998,20000,1138.0192329883575
307000,0.008318603038787842,1.182662010192871,1.181485652923584,0.09999999999999998,20000,1142.1606590747833
308000,0.007515049539506435,0.9703037738800049,1.0091590881347656,0.09999999999999998,20000,1146.2365610599518
309000,0.014395865611732006,1.2554434537887573,1.2730989456176758,0.09999999999999998,20000,1150.231015920639
310000,0.003580204676836729,1.1261117458343506,1.0845474004745483,0.09999999999999998,20000,1154.2480249404907
311000,0.0075614312663674355,1.264148473739624,1.2842364311218262,0.09999999999999998,20000,1158.8994698524475
312000,0.01158704049885273,1.6001689434051514,1.5749181509017944,0.09999999999999998,20000,1162.8924980163574
313000,0.0029629990458488464,0.9738810062408447,0.9713271856307983,0.09999999999999998,20000,1166.990886926651
314000,0.012581605464220047,1.2022202014923096,1.1882178783416748,0.09999999999999998,20000,1171.0930399894714
315000,0.00690942257642746,1.3252027034759521,1.348574161529541,0.09999999999999998,20000,1175.1064310073853
316000,0.005382075440138578,1.1444642543792725,1.142240285873413,0.09999999999999998,20000,1179.100018978119
317000,0.021584542468190193,1.4267017841339111,1.431128740310669,0.09999999999999998,20000,1183.1086118221283
318000,0.004055326338857412,1.1324617862701416,1.126573085784912,0.09999999999999998,20000,1187.2076570987701
319000,0.0054822880774736404,1.1327043771743774,1.138750672340393,0.09999999999999998,20000,1191.2667920589447
320000,0.0050582061521708965,1.0679926872253418,1.0230286121368408,0.09999999999999998,20000,1195.2914650440216
321000,0.0039215087890625,1.2733442783355713,1.2926995754241943,0.09999999999999998,20000,1199.3147809505463
322000,0.021847762167453766,1.3466544151306152,1.3408725261688232,0.09999999999999998,20000,1203.324567079544
323000,0.017874186858534813,1.5309176445007324,1.4634387493133545,0.09999999999999998,20000,1207.4470558166504
324000,0.00636490760371089,1.0507034063339233,1.0692532062530518,0.09999999999999998,20000,1211.4203391075134
325000,0.010121501050889492,1.2615370750427246,1.2666410207748413,0.09999999999999998,20000,1215.480437040329
326000,0.00927369948476553,1.1822233200073242,1.192636251449585,0.09999999999999998,20000,1219.4436299800873
327000,0.007871780544519424,1.2492221593856812,1.268254041671753,0.09999999999999998,20000,1223.5097200870514
328000,0.007621207740157843,1.2941207885742188,1.2677605152130127,0.09999999999999998,20000,1227.5751659870148
329000,0.004892291501164436,1.4918195009231567,1.4840447902679443,0.09999999999999998,20000,1231.6464939117432
330000,0.005904404446482658,1.3084447383880615,1.2737815380096436,0.09999999999999998,20000,1235.7267799377441
331000,0.011441833339631557,1.2112081050872803,1.2428381443023682,0.09999999999999998,20000,1239.8145968914032
332000,0.012347961775958538,1.2021453380584717,1.2384625673294067,0.09999999999999998,20000,1243.9159150123596
333000,0.01705881953239441,1.4282917976379395,1.4457635879516602,0.09999999999999998,20000,1248.1720578670502
334000,0.004897697363048792,1.3970298767089844,1.3683180809020996,0.09999999999999998,20000,1252.31130194664
335000,0.0037638582289218903,1.1879189014434814,1.1615536212921143,0.09999999999999998,20000,1256.5170669555664
336000,0.00626527750864625,1.4957454204559326,1.5131516456604004,0.09999999999999998,20000,1260.5875961780548
337000,0.0025013103149831295,1.2102444171905518,1.1837074756622314,0.09999999999999998,20000,1264.8985469341278
338000,0.006504305638372898,1.2759056091308594,1.2890421152114868,0.09999999999999998,20000,1269.0285840034485
339000,0.021037224680185318,1.3985681533813477,1.378594994544983,0.09999999999999998,20000,1273.2944478988647
340000,0.006888610776513815,1.2941515445709229,1.2520889043807983,0.09999999999999998,20000,1277.4816751480103
341000,0.027138791978359222,1.2869104146957397,1.3055130243301392,0.09999999999999998,20000,1281.712375164032
342000,0.011839175596833229,1.4085288047790527,1.4038689136505127,0.09999999999999998,20000,1286.0538880825043
343000,0.004633670672774315,1.5012741088867188,1.484628677368164,0.09999999999999998,20000,1290.2240998744965
344000,0.009653886780142784,1.2849321365356445,1.333235263824463,0.09999999999999998,20000,1294.5665731430054
345000,0.009917862713336945,1.41703200340271,1.3946115970611572,0.09999999999999998,20000,1298.7950420379639
346000,0.004802056588232517,1.354917287826538,1.3424742221832275,0.09999999999999998,20000,1302.9237661361694
347000,0.003178552258759737,1.679072618484497,1.6824798583984375,0.09999999999999998,20000,1307.0445809364319
348000,0.008830114267766476,1.623902440071106,1.6832478046417236,0.09999999999999998,20000,1311.175379037857
349000,0.007190663367509842,1.5129611492156982,1.4984794855117798,0.09999999999999998,20000,1315.230576992035
350000,0.007297484204173088,1.1288892030715942,1.102684497833252,0.09999999999999998,20000,1319.4850361347198
351000,0.0031434304546564817,1.4438469409942627,1.4409599304199219,0.09999999999999998,20000,1329.760313987732
352000,0.0073891510255634785,1.5252058506011963,1.564592957496643,0.09999999999999998,20000,1334.0175528526306
353000,0.012151208706200123,1.1736749410629272,1.1501121520996094,0.09999999999999998,20000,1338.0401318073273
354000,0.018904926255345345,1.4279810190200806,1.482988715171814,0.09999999999999998,20000,1342.1433820724487
355000,0.008203567005693913,1.6674869060516357,1.64105224609375,0.09999999999999998,20000,1346.2000358104706
356000,0.008906491100788116,1.4457088708877563,1.4922699928283691,0.09999999999999998,20000,1350.300901889801
357000,0.002288281451910734,1.3627647161483765,1.3687360286712646,0.09999999999999998,20000,1354.2977919578552
358000,0.0063982740975916386,1.4764701128005981,1.4417479038238525,0.09999999999999998,20000,1358.4585900306702
359000,0.005093380343168974,1.4060434103012085,1.4321075677871704,0.09999999999999998,20000,1362.6741890907288
360000,0.005398965440690517,1.6472783088684082,1.6370491981506348,0.09999999999999998,20000,1366.8670439720154
361000,0.011331633664667606,1.4303491115570068,1.422182559967041,0.09999999999999998,20000,1371.0958070755005
362000,0.009031509049236774,1.5535742044448853,1.5955939292907715,0.09999999999999998,20000,1375.3376960754395
363000,0.004534713923931122,1.4288238286972046,1.455978274345398,0.09999999999999998,20000,1379.4624938964844
364000,0.006397715304046869,1.665418267250061,1.7160248756408691,0.09999999999999998,20000,1383.4791140556335
365000,0.00720989378169179,1.37037992477417,1.3929840326309204,0.09999999999999998,20000,1387.6180539131165
366000,0.004811033606529236,1.6635676622390747,1.643489122390747,0.09999999999999998,20000,1391.654932975769
367000,0.004078377038240433,1.5184637308120728,1.5210888385772705,0.09999999999999998,20000,1395.7547779083252
368000,0.0081314817070961,1.527469277381897,1.5262610912322998,0.09999999999999998,20000,1400.0160369873047
369000,0.008398065343499184,1.6538443565368652,1.6303114891052246,0.09999999999999998,20000,1404.0708937644958
370000,0.00724182091653347,1.570837140083313,1.5794942378997803,0.09999999999999998,20000,1408.1945049762726
371000,0.00373952928930521,1.4018571376800537,1.4425777196884155,0.09999999999999998,20000,1412.3978838920593
372000,0.018471263349056244,1.630692481994629,1.5953006744384766,0.09999999999999998,20000,1416.5724658966064
373000,0.005364709533751011,1.4974541664123535,1.4758491516113281,0.09999999999999998,20000,1420.9019050598145
374000,0.005657053552567959,1.4002717733383179,1.4262568950653076,0.09999999999999998,20000,1425.1386370658875
375000,0.00408186623826623,1.4180670976638794,1.3880658149719238,0.09999999999999998,20000,1429.3772501945496
376000,0.01487056352198124,1.3861489295959473,1.3334732055664062,0.09999999999999998,20000,1433.7515149116516
377000,0.01161707378923893,1.3617457151412964,1.4364012479782104,0.09999999999999998,20000,1437.8546378612518
378000,0.012241825461387634,1.3389822244644165,1.3798856735229492,0.09999999999999998,20000,1442.0585460662842
379000,0.011213487945497036,1.507237195968628,1.5036041736602783,0.09999999999999998,20000,1446.2170119285583
380000,0.012190291658043861,1.3216955661773682,1.3047163486480713,0.09999999999999998,20000,1450.4968819618225
381000,0.00537574989721179,1.3489551544189453,1.3578071594238281,0.09999999999999998,20000,1454.7313339710236
382000,0.004279830493032932,1.4899237155914307,1.4645488262176514,0.09999999999999998,20000,1458.8310401439667
383000,0.008687234483659267,1.844854712486267,1.8822466135025024,0.09999999999999998,20000,1463.0112850666046
384000,0.004423171281814575,1.5898969173431396,1.565995454788208,0.09999999999999998,20000,1467.1023540496826
385000,0.0030761118978261948,1.50220787525177,1.523117184638977,0.09999999999999998,20000,1471.2684481143951
386000,0.0028865106869488955,1.548795223236084,1.5188331604003906,0.09999999999999998,20000,1475.4469578266144
387000,0.01159676257520914,1.4796500205993652,1.4904932975769043,0.09999999999999998,20000,1479.5631339550018
388000,0.009697116911411285,1.6404709815979004,1.6438450813293457,0.09999999999999998,20000,1483.8484292030334
389000,0.008260007947683334,1.8185160160064697,1.819886326789856,0.09999999999999998,20000,1488.1452479362488
390000,0.038033656775951385,1.6670539379119873,1.6317609548568726,0.09999999999999998,20000,1492.393325805664
391000,0.012587510049343109,1.5414154529571533,1.5455782413482666,0.09999999999999998,20000,1496.6111319065094
392000,0.005385793745517731,1.6116259098052979,1.589221715927124,0.09999999999999998,20000,1500.8230240345001
393000,0.024029895663261414,1.382859230041504,1.4191362857818604,0.09999999999999998,20000,1505.0192818641663
394000,0.02052856609225273,1.481923222541809,1.5198665857315063,0.09999999999999998,20000,1509.3289511203766
395000,0.008915080688893795,1.9133148193359375,1.9213100671768188,0.09999999999999998,20000,1513.4591989517212
396000,0.004490831401199102,1.493746280670166,1.49655020236969,0.09999999999999998,20000,1517.736405134201
397000,0.0039109764620661736,1.6072436571121216,1.633519172668457,0.09999999999999998,20000,1521.8875238895416
398000,0.002523586619645357,1.6771273612976074,1.6815215349197388,0.09999999999999998,20000,1526.1604290008545
399000,0.004638984799385071,1.5628156661987305,1.5888292789459229,0.09999999999999998,20000,1530.3232820034027
400000,0.02419622428715229,1.6439485549926758,1.6915035247802734,0.09999999999999998,20000,1534.4859778881073
401000,0.0173189677298069,1.6259362697601318,1.6781272888183594,0.09999999999999998,20000,1543.737843990326
402000,0.018504317849874496,1.759244680404663,1.7725954055786133,0.09999999999999998,20000,1547.9642050266266
403000,0.010537217371165752,2.0985774993896484,2.0851168632507324,0.09999999999999998,20000,1552.3670160770416
404000,0.008471641689538956,1.8463385105133057,1.804659128189087,0.09999999999999998,20000,1556.4429440498352
405000,0.010682881809771061,1.4781227111816406,1.5097520351409912,0.09999999999999998,20000,1560.653100013733
406000,0.004732607863843441,1.6620347499847412,1.6613504886627197,0.09999999999999998,20000,1564.8515479564667
407000,0.011052788235247135,1.6477301120758057,1.6519722938537598,0.09999999999999998,20000,1568.9003658294678
408000,0.011047045700252056,1.6903825998306274,1.6513075828552246,0.09999999999999998,20000,1573.2700140476227
409000,0.04867101460695267,1.9142669439315796,1.9126003980636597,0.09999999999999998,20000,1577.29061293602
410000,0.005668357014656067,1.7081778049468994,1.690016746520996,0.09999999999999998,20000,1581.5506949424744
411000,0.03645462542772293,1.62900710105896,1.560225009918213,0.09999999999999998,20000,1585.7249381542206
412000,0.013166647404432297,1.8010412454605103,1.791790246963501,0.09999999999999998,20000,1589.974851846695
413000,0.011787081137299538,1.6136759519577026,1.6063969135284424,0.09999999999999998,20000,1594.2954959869385
414000,0.0037526520900428295,1.4015557765960693,1.3912808895111084,0.09999999999999998,20000,1598.5135700702667
415000,0.014057100750505924,1.771616816520691,1.8142037391662598,0.09999999999999998,20000,1602.857057094574
416000,0.006524697877466679,1.883500337600708,1.8678630590438843,0.09999999999999998,20000,1607.0703799724579
417000,0.006254352629184723,1.8488795757293701,1.823962688446045,0.09999999999999998,20000,1611.4172189235687
418000,0.003995315171778202,1.7071058750152588,1.7525588274002075,0.09999999999999998,20000,1615.6020390987396
419000,0.004847631324082613,1.6695826053619385,1.650740623474121,0.09999999999999998,20000,1619.6134569644928
420000,0.017511805519461632,1.4824233055114746,1.4958999156951904,0.09999999999999998,20000,1623.695671081543
421000,0.014762951992452145,1.8907811641693115,1.8908824920654297,0.09999999999999998,20000,1627.9430119991302
422000,0.00784783810377121,1.574415683746338,1.6111057996749878,0.09999999999999998,20000,1632.1818208694458
423000,0.014895188622176647,1.6621531248092651,1.6477572917938232,0.09999999999999998,20000,1636.3858699798584
424000,0.018080372363328934,1.4934438467025757,1.5244027376174927,0.09999999999999998,20000,1640.468377828598
425000,0.018313445150852203,1.8154327869415283,1.8753052949905396,0.09999999999999998,20000,1644.741324186325
426000,0.005075384862720966,1.9380552768707275,1.9153932332992554,0.09999999999999998,20000,1648.8775172233582
427000,0.008314274251461029,1.7500665187835693,1.7844150066375732,0.09999999999999998,20000,1653.0175287723541
428000,0.006294772960245609,1.6839146614074707,1.6770803928375244,0.09999999999999998,20000,1657.2213230133057
429000,0.0075380573980510235,1.7789926528930664,1.7692663669586182,0.09999999999999998,20000,1661.4070279598236
430000,0.001814486226066947,1.7061972618103027,1.6959336996078491,0.09999999999999998,20000,1665.741942167282
431000,0.003940989263355732,1.8151625394821167,1.7890875339508057,0.09999999999999998,20000,1669.9126060009003
432000,0.02892806939780712,1.6765425205230713,1.7221918106079102,0.09999999999999998,20000,1674.109981060028
433000,0.006765678524971008,1.9566144943237305,1.9605588912963867,0.09999999999999998,20000,1678.3627569675446
434000,0.0055902800522744656,1.832000732421875,1.7909905910491943,0.09999999999999998,20000,1682.5565881729126
435000,0.009921608492732048,1.8469477891921997,1.8684128522872925,0.09999999999999998,20000,1686.8138439655304
436000,0.005717390216886997,1.7585369348526,1.7375273704528809,0.09999999999999998,20000,1690.8580720424652
437000,0.004431787878274918,1.7615082263946533,1.703883171081543,0.09999999999999998,20000,1694.8691079616547
438000,0.030263647437095642,1.7150237560272217,1.7088369131088257,0.09999999999999998,20000,1699.1061551570892
439000,0.017728643491864204,1.7902982234954834,1.8036346435546875,0.09999999999999998,20000,1703.319678068161
440000,0.007979090325534344,1.955249547958374,1.9302051067352295,0.09999999999999998,20000,1707.5100939273834
441000,0.007678218185901642,1.6598010063171387,1.6475274562835693,0.09999999999999998,20000,1711.7129061222076
442000,0.00482959533110261,1.8182884454727173,1.845771074295044,0.09999999999999998,20000,1715.877835035324
443000,0.006165575236082077,2.0952112674713135,2.067411422729492,0.09999999999999998,20000,1719.9622089862823
444000,0.005455769598484039,1.666220784187317,1.6457338333129883,0.09999999999999998,20000,1724.2325460910797
445000,0.008880553767085075,2.0340418815612793,2.0371060371398926,0.09999999999999998,20000,1728.4815208911896
446000,0.005967809818685055,1.7626349925994873,1.799255132675171,0.09999999999999998,20000,1732.8648600578308
447000,0.01336598675698042,1.8428549766540527,1.8876506090164185,0.09999999999999998,20000,1736.9502091407776
448000,0.006438818294554949,1.9178946018218994,1.873542308807373,0.09999999999999998,20000,1741.1271171569824
449000,0.018810007721185684,1.9619015455245972,2.000610828399658,0.09999999999999998,20000,1745.2791681289673
450000,0.02756480872631073,2.1339104175567627,2.0700695514678955,0.09999999999999998,20000,1749.5052909851074
451000,0.004702545702457428,2.088779926300049,2.073892116546631,0.09999999999999998,20000,1760.49298787117
452000,0.006811972241848707,1.9889466762542725,2.0143494606018066,0.09999999999999998,20000,1764.5705428123474
453000,0.006350943353027105,1.8722792863845825,1.8604936599731445,0.09999999999999998,20000,1768.6094689369202
454000,0.027157044038176537,1.809147834777832,1.7398767471313477,0.09999999999999998,20000,1772.6124198436737
455000,0.006935724522918463,1.8066132068634033,1.8123669624328613,0.09999999999999998,20000,1776.7774138450623
456000,0.008031271398067474,1.796789526939392,1.8275238275527954,0.09999999999999998,20000,1780.9891028404236
457000,0.01082361489534378,1.7251172065734863,1.7203500270843506,0.09999999999999998,20000,1785.3517670631409
458000,0.010967783629894257,1.8292303085327148,1.8544843196868896,0.09999999999999998,20000,1789.5867269039154
459000,0.008651153184473515,1.857469916343689,1.87471342086792,0.09999999999999998,20000,1793.611571073532
460000,0.01738380268216133,1.80060875415802,1.8435471057891846,0.09999999999999998,20000,1797.861116886139
461000,0.033871255815029144,1.8723185062408447,1.9598177671432495,0.09999999999999998,20000,1802.010948896408
462000,0.0207001194357872,1.792826533317566,1.8471589088439941,0.09999999999999998,20000,1806.2299659252167
463000,0.008849001489579678,1.812367558479309,1.8126486539840698,0.09999999999999998,20000,1810.5332140922546
464000,0.006627165712416172,2.0794427394866943,2.0302109718322754,0.09999999999999998,20000,1814.7135059833527
465000,0.009000230580568314,1.7103543281555176,1.7481509447097778,0.09999999999999998,20000,1818.9800989627838
466000,0.01766999438405037,1.7128469944000244,1.8099507093429565,0.09999999999999998,20000,1823.1744210720062
467000,0.004360400605946779,1.8466501235961914,1.8091932535171509,0.09999999999999998,20000,1827.3370640277863
468000,0.0044896043837070465,1.9976609945297241,1.9985039234161377,0.09999999999999998,20000,1831.6007781028748
469000,0.007025206461548805,2.0876426696777344,2.086820602416992,0.09999999999999998,20000,1835.834342956543
470000,0.008001764304935932,1.6153595447540283,1.6072020530700684,0.09999999999999998,20000,1840.1156549453735
471000,0.008774074725806713,1.8861113786697388,1.8608180284500122,0.09999999999999998,20000,1844.203928232193
472000,0.0032323605846613646,1.7762399911880493,1.7836359739303589,0.09999999999999998,20000,1848.2818748950958
473000,0.040598783642053604,1.9691027402877808,1.8940644264221191,0.09999999999999998,20000,1852.3897879123688
474000,0.013148569501936436,2.28011417388916,2.252960681915283,0.09999999999999998,20000,1856.6449539661407
475000,0.005977516062557697,1.8690837621688843,1.9222257137298584,0.09999999999999998,20000,1860.816015958786
476000,0.007823633961379528,1.8831300735473633,1.8488218784332275,0.09999999999999998,20000,1865.0804722309113
477000,0.01611139439046383,1.8898152112960815,1.9058223962783813,0.09999999999999998,20000,1869.406779050827
478000,0.006842847913503647,1.8198351860046387,1.7945568561553955,0.09999999999999998,20000,1873.7474699020386
479000,0.014149222522974014,2.1124324798583984,2.1540982723236084,0.09999999999999998,20000,1877.9441628456116
480000,0.016804443672299385,2.3344881534576416,2.3754334449768066,0.09999999999999998,20000,1882.1570949554443
481000,0.009449906647205353,2.1025843620300293,2.113795757293701,0.09999999999999998,20000,1886.4392189979553
482000,0.005722108297049999,1.9769929647445679,1.9515776634216309,0.09999999999999998,20000,1890.6016731262207
483000,0.006088838912546635,2.2318549156188965,2.194798469543457,0.09999999999999998,20000,1894.8271338939667
484000,0.009612355381250381,1.6113702058792114,1.6226857900619507,0.09999999999999998,20000,1899.0135970115662
485000,0.006082008592784405,2.1685407161712646,2.156309127807617,0.09999999999999998,20000,1903.389002084732
486000,0.010868167504668236,1.9638409614562988,1.9477176666259766,0.09999999999999998,20000,1907.6651010513306
487000,0.02208716608583927,1.6793122291564941,1.7208906412124634,0.09999999999999998,20000,1912.089450120926
488000,0.005522768944501877,2.017672538757324,2.015843391418457,0.09999999999999998,20000,1916.3236968517303
489000,0.004974598065018654,2.1063485145568848,2.1389079093933105,0.09999999999999998,20000,1920.3490850925446
490000,0.0075401258654892445,1.924813985824585,1.8963589668273926,0.09999999999999998,20000,1924.4315259456635
491000,0.006635085213929415,1.8168818950653076,1.8774702548980713,0.09999999999999998,20000,1928.5620398521423
492000,0.021950222551822662,1.9211145639419556,1.9367115497589111,0.09999999999999998,20000,1932.837410211563
493000,0.027292026206851006,1.9349985122680664,2.004384994506836,0.09999999999999998,20000,1937.1083879470825
494000,0.004671657457947731,2.0695765018463135,2.096024990081787,0.09999999999999998,20000,1941.3398830890656
495000,0.004857809282839298,1.781794548034668,1.8032467365264893,0.09999999999999998,20000,1945.5637021064758
496000,0.007986527867615223,1.9475129842758179,1.9690757989883423,0.09999999999999998,20000,1949.7683279514313
497000,0.006304913200438023,2.203129291534424,2.2298741340637207,0.09999999999999998,20000,1953.974412202835
498000,0.0019803843460977077,2.162720203399658,2.174633502960205,0.09999999999999998,20000,1958.059424161911
499000,0.007750071585178375,2.0728378295898438,2.017624616622925,0.09999999999999998,20000,1962.3752100467682
500000,0.010633103549480438,1.8066737651824951,1.854377031326294,0.09999999999999998,20000,1966.5796611309052
