paso_global,loss,q_promedio,target_promedio,error_td_promedio,beta_per,peso_importancia_promedio,epsilon,tamano_buffer,tiempo_segundos
1010000,0.03986696898937225,5.046477317810059,5.030828952789307,0.2122926115989685,1.0,1.0,0.09999999999999998,9998,17.190632820129395
1011000,0.020264102146029472,4.656370162963867,4.690009117126465,0.26679539680480957,1.0,0.39451780915260315,0.09999999999999998,10998,22.04138970375061
1012000,0.0061629535630345345,5.262815475463867,5.303784370422363,0.19607532024383545,1.0,0.23494094610214233,0.09999999999999998,11998,27.781203985214233
1013000,0.021713227033615112,5.342045783996582,5.241454124450684,0.30870315432548523,1.0,0.45940953493118286,0.09999999999999998,12998,32.913625717163086
1014000,0.02650551311671734,5.2539963722229,5.203110218048096,0.3287428617477417,1.0,0.3796388804912567,0.09999999999999998,14000,38.323627948760986
1015000,0.008237238973379135,5.3945770263671875,5.407443523406982,0.16326165199279785,1.0,0.4699615240097046,0.09999999999999998,14998,45.19052076339722
1016000,0.016405902802944183,4.702441692352295,4.658194541931152,0.3020794689655304,1.0,0.3167036473751068,0.09999999999999998,15998,52.17687392234802
1017000,0.0021905512548983097,5.224064826965332,5.250156879425049,0.20633172988891602,1.0,0.10635032504796982,0.09999999999999998,16998,58.02751183509827
1018000,0.005648793652653694,4.788463115692139,4.817120552062988,0.17447805404663086,1.0,0.36752596497535706,0.09999999999999998,17998,63.41492295265198
1019000,0.0056327516213059425,4.933442115783691,4.987157821655273,0.25616079568862915,1.0,0.17511358857154846,0.09999999999999998,18998,67.96972966194153
1020000,0.01265851128846407,5.1491899490356445,5.041386127471924,0.19758141040802002,1.0,0.5000717043876648,0.09999999999999998,19998,72.49659276008606
1021000,0.01765032671391964,5.193647384643555,5.158705234527588,0.2763936519622803,1.0,0.3979390561580658,0.09999999999999998,20000,77.09068703651428
1022000,0.015430711209774017,5.215496063232422,5.230616569519043,0.23491361737251282,1.0,0.4218375086784363,0.09999999999999998,20000,83.35831189155579
1023000,0.007929661311209202,5.047613143920898,5.012755393981934,0.259469598531723,1.0,0.20056378841400146,0.09999999999999998,20000,89.31656885147095
1024000,0.015048355795443058,4.831809997558594,4.86429500579834,0.2334662675857544,1.0,0.45041754841804504,0.09999999999999998,20000,94.93938994407654
1025000,0.019778840243816376,5.050695419311523,4.933396339416504,0.2749116122722626,1.0,0.4365946054458618,0.09999999999999998,20000,100.41309595108032
1026000,0.013929426670074463,5.051115989685059,4.9437255859375,0.25125378370285034,1.0,0.45507925748825073,0.09999999999999998,20000,105.97948384284973
1027000,0.014812134206295013,5.441081523895264,5.449617862701416,0.3100568652153015,1.0,0.3013491630554199,0.09999999999999998,20000,111.82467675209045
1028000,0.016832103952765465,4.867722511291504,4.782256126403809,0.2953873872756958,1.0,0.3288526237010956,0.09999999999999998,20000,117.64624881744385
1029000,0.006488775834441185,5.273623466491699,5.278131008148193,0.19883710145950317,1.0,0.3001764118671417,0.09999999999999998,20000,123.38474988937378
1030000,0.01761704497039318,5.186899185180664,5.237496376037598,0.24872194230556488,1.0,0.4198606014251709,0.09999999999999998,20000,128.995698928833
1031000,0.007841289043426514,5.207919597625732,5.121216297149658,0.2470628321170807,1.0,0.23282863199710846,0.09999999999999998,20000,134.6454689502716
1032000,0.004203876946121454,4.983537673950195,5.028234004974365,0.23567688465118408,1.0,0.15666355192661285,0.09999999999999998,20000,139.98457074165344
1033000,0.007516884244978428,5.31755256652832,5.371089935302734,0.152359738945961,1.0,0.4223581552505493,0.09999999999999998,20000,144.87702989578247
1034000,0.020346809178590775,5.309345245361328,5.097540855407715,0.34557604789733887,1.0,0.29789429903030396,0.09999999999999998,20000,149.80481386184692
1035000,0.007636771537363529,4.933289527893066,4.9083051681518555,0.19239851832389832,1.0,0.3236057162284851,0.09999999999999998,20000,154.54461288452148
1036000,0.007709685247391462,5.306607246398926,5.305194854736328,0.21643012762069702,1.0,0.29321908950805664,0.09999999999999998,20000,159.15815687179565
1037000,0.019914774224162102,4.624982833862305,4.645532608032227,0.26161259412765503,1.0,0.4069250226020813,0.09999999999999998,20000,164.87905287742615
1038000,0.005416123196482658,5.115784645080566,5.163911819458008,0.24204397201538086,1.0,0.19186775386333466,0.09999999999999998,20000,170.66527485847473
1039000,0.011765090748667717,4.6051812171936035,4.602349758148193,0.25599735975265503,1.0,0.2987869381904602,0.09999999999999998,20000,176.49899792671204
1040000,0.007718831300735474,4.865908145904541,4.839179992675781,0.19740474224090576,1.0,0.36590632796287537,0.09999999999999998,20000,181.79299569129944
1041000,0.011806966736912727,4.6794586181640625,4.591090679168701,0.24267417192459106,1.0,0.28794851899147034,0.09999999999999998,20000,186.9490978717804
1042000,0.006467346101999283,4.969942569732666,5.100362300872803,0.26948875188827515,1.0,0.15271618962287903,0.09999999999999998,20000,192.22230768203735
1043000,0.018379582092165947,4.572441101074219,4.602969646453857,0.3987657129764557,1.0,0.23997251689434052,0.09999999999999998,20000,197.76829886436462
1044000,0.007136836182326078,5.477157115936279,5.360807418823242,0.19684503972530365,1.0,0.333126038312912,0.09999999999999998,20000,205.03603792190552
1045000,0.015458307228982449,5.026066303253174,4.949332237243652,0.2789463400840759,1.0,0.3809472322463989,0.09999999999999998,20000,211.4827117919922
1046000,0.01691395789384842,5.299952983856201,5.227550506591797,0.2290794849395752,1.0,0.4851880967617035,0.09999999999999998,20000,217.15160989761353
1047000,0.01512013841420412,5.078568458557129,5.164924144744873,0.253805935382843,1.0,0.40064477920532227,0.09999999999999998,20000,221.9939830303192
1048000,0.01425587572157383,4.980495452880859,4.9347028732299805,0.2755504548549652,1.0,0.3381536602973938,0.09999999999999998,20000,226.71870064735413
1049000,0.008098098449409008,4.956766128540039,4.897459983825684,0.2473250925540924,1.0,0.22848689556121826,0.09999999999999998,20000,231.5205478668213
1050000,0.02075750008225441,5.099017143249512,4.980367660522461,0.27855631709098816,1.0,0.4607102870941162,0.09999999999999998,20000,236.32666277885437
1051000,0.034406162798404694,4.950871467590332,4.884305000305176,0.32490861415863037,1.0,0.5758589506149292,0.09999999999999998,20000,248.0806589126587
1052000,0.01262572966516018,5.487764835357666,5.454256057739258,0.23162010312080383,1.0,0.4261179268360138,0.09999999999999998,20000,253.80402898788452
1053000,0.012990684248507023,4.337339878082275,4.2580671310424805,0.274714857339859,1.0,0.3198784291744232,0.09999999999999998,20000,258.85786986351013
1054000,0.026526175439357758,4.5957818031311035,4.656160831451416,0.2929729223251343,1.0,0.5016838312149048,0.09999999999999998,20000,263.4230899810791
1055000,0.024784650653600693,5.368372440338135,5.418698310852051,0.2938917875289917,1.0,0.4561910629272461,0.09999999999999998,20000,267.96828174591064
1056000,0.014132168143987656,4.633739471435547,4.525967121124268,0.26712551712989807,1.0,0.3804534077644348,0.09999999999999998,20000,273.35383892059326
1057000,0.015979768708348274,5.211947441101074,5.213314533233643,0.23793181777000427,1.0,0.4620243012905121,0.09999999999999998,20000,278.06172585487366
1058000,0.014025289565324783,4.962193012237549,4.939016342163086,0.2706800699234009,1.0,0.33416712284088135,0.09999999999999998,20000,282.78676295280457
1059000,0.015279649756848812,5.198833465576172,5.3310675621032715,0.2163233608007431,1.0,0.4403655230998993,0.09999999999999998,20000,288.4164628982544
1060000,0.008339054882526398,5.14520788192749,5.039345741271973,0.20106127858161926,1.0,0.37054601311683655,0.09999999999999998,20000,293.77512788772583
1061000,0.015154922381043434,5.003542900085449,5.0052642822265625,0.24171897768974304,1.0,0.4043733775615692,0.09999999999999998,20000,299.71462893486023
1062000,0.00984277669340372,4.582644462585449,4.720061302185059,0.22782646119594574,1.0,0.33076605200767517,0.09999999999999998,20000,304.6139888763428
1063000,0.016870751976966858,4.9106292724609375,4.900322437286377,0.2835485339164734,1.0,0.3260417580604553,0.09999999999999998,20000,309.4398558139801
1064000,0.02377767488360405,5.259505271911621,5.236968040466309,0.24514645338058472,1.0,0.5523340106010437,0.09999999999999998,20000,314.0791018009186
1065000,0.005695482715964317,5.67116117477417,5.687657356262207,0.20961663126945496,1.0,0.2086704820394516,0.09999999999999998,20000,318.9691309928894
1066000,0.029057439416646957,4.746707916259766,4.803891181945801,0.3512634038925171,1.0,0.35780882835388184,0.09999999999999998,20000,324.2927989959717
1067000,0.012060853652656078,4.98007869720459,4.90106201171875,0.2603687644004822,1.0,0.28257662057876587,0.09999999999999998,20000,329.6586880683899
1068000,0.030137456953525543,5.570041656494141,5.491179466247559,0.4354754090309143,1.0,0.2859203815460205,0.09999999999999998,20000,335.0563609600067
1069000,0.004494831897318363,5.118622779846191,5.170917510986328,0.22006383538246155,1.0,0.17260876297950745,0.09999999999999998,20000,340.1640329360962
1070000,0.008598938584327698,5.234803676605225,5.181650161743164,0.18161962926387787,1.0,0.4309934675693512,0.09999999999999998,20000,345.86035895347595
1071000,0.040600501000881195,5.059139251708984,5.197463035583496,0.3978508710861206,1.0,0.42931219935417175,0.09999999999999998,20000,351.2549669742584
1072000,0.014762378297746181,5.149351119995117,5.265160083770752,0.37166106700897217,1.0,0.1883569359779358,0.09999999999999998,20000,358.0409789085388
1073000,0.02836291491985321,5.17042350769043,5.258139610290527,0.31896349787712097,1.0,0.45060762763023376,0.09999999999999998,20000,364.24156379699707
1074000,0.005132272839546204,4.878709316253662,4.868642807006836,0.2568749785423279,1.0,0.164765864610672,0.09999999999999998,20000,369.88722467422485
1075000,0.02078435570001602,5.031977653503418,5.1353044509887695,0.22553689777851105,1.0,0.5025815963745117,0.09999999999999998,20000,375.51477885246277
1076000,0.017457377165555954,5.195451736450195,5.270340919494629,0.2471274584531784,1.0,0.4267771542072296,0.09999999999999998,20000,380.3899850845337
1077000,0.011777594685554504,4.752336502075195,4.729856491088867,0.20712162554264069,1.0,0.40995192527770996,0.09999999999999998,20000,384.91434502601624
1078000,0.03667035698890686,5.019700050354004,5.151281356811523,0.37449365854263306,1.0,0.4717103838920593,0.09999999999999998,20000,389.6069550514221
1079000,0.030605269595980644,5.16873836517334,5.328827857971191,0.3300960063934326,1.0,0.5166475772857666,0.09999999999999998,20000,394.2530918121338
1080000,0.005830252543091774,4.925987243652344,4.860481262207031,0.18290822207927704,1.0,0.30408036708831787,0.09999999999999998,20000,399.5523028373718
1081000,0.007807123474776745,4.828264236450195,4.904736518859863,0.1983533352613449,1.0,0.28369712829589844,0.09999999999999998,20000,404.6332817077637
1082000,0.00411379337310791,5.240065097808838,5.271379470825195,0.16000068187713623,1.0,0.27567562460899353,0.09999999999999998,20000,410.0638108253479
1083000,0.021148687228560448,5.082127571105957,5.139553070068359,0.2842126488685608,1.0,0.441153347492218,0.09999999999999998,20000,415.5347628593445
1084000,0.016169998794794083,4.911131381988525,4.917210578918457,0.25351592898368835,1.0,0.3736429214477539,0.09999999999999998,20000,420.88257002830505
1085000,0.022278090938925743,5.303393363952637,5.49199104309082,0.34972554445266724,1.0,0.3432950973510742,0.09999999999999998,20000,426.29077792167664
1086000,0.04364270344376564,5.274031162261963,5.257891654968262,0.3827745318412781,1.0,0.4624726176261902,0.09999999999999998,20000,431.702693939209
1087000,0.022481847554445267,4.782696723937988,4.888382911682129,0.3458409905433655,1.0,0.29424840211868286,0.09999999999999998,20000,437.01140785217285
1088000,0.0052993022836744785,4.982183456420898,4.973382472991943,0.2016752064228058,1.0,0.239741712808609,0.09999999999999998,20000,442.42972683906555
1089000,0.00692912470549345,5.714670181274414,5.61845588684082,0.17126011848449707,1.0,0.34344011545181274,0.09999999999999998,20000,447.82238388061523
1090000,0.020466141402721405,5.087103843688965,5.067498207092285,0.25976264476776123,1.0,0.4014724791049957,0.09999999999999998,20000,453.699777841568
1091000,0.010800287127494812,4.958175182342529,4.876622676849365,0.20913700759410858,1.0,0.4113517999649048,0.09999999999999998,20000,460.00049686431885
1092000,0.01399599201977253,5.45579719543457,5.433650016784668,0.2605292797088623,1.0,0.3329492211341858,0.09999999999999998,20000,464.8253219127655
1093000,0.023287132382392883,4.964223384857178,4.947078704833984,0.32493287324905396,1.0,0.3171521723270416,0.09999999999999998,20000,469.53856682777405
1094000,0.02631150186061859,5.042016983032227,5.0206193923950195,0.3219626247882843,1.0,0.4338724911212921,0.09999999999999998,20000,474.142972946167
1095000,0.0063339294865727425,4.778903007507324,4.755161285400391,0.17461206018924713,1.0,0.36151278018951416,0.09999999999999998,20000,479.70179891586304
1096000,0.008505066856741905,4.864197731018066,4.901055812835693,0.20019841194152832,1.0,0.3395242393016815,0.09999999999999998,20000,485.5320568084717
1097000,0.03622215986251831,4.931013107299805,4.759730815887451,0.41755324602127075,1.0,0.35540837049484253,0.09999999999999998,20000,490.89831590652466
1098000,0.021175723522901535,5.151127815246582,5.253261566162109,0.2514519691467285,1.0,0.5075031518936157,0.09999999999999998,20000,496.4836947917938
1099000,0.024238741025328636,5.393232345581055,5.404645919799805,0.2867204546928406,1.0,0.459102988243103,0.09999999999999998,20000,502.0647728443146
1100000,0.010230986401438713,4.956057548522949,4.99070405960083,0.2246842086315155,1.0,0.30883389711380005,0.09999999999999998,20000,508.92258191108704
1101000,0.005968539975583553,5.729639053344727,5.768119812011719,0.2144641876220703,1.0,0.20183610916137695,0.09999999999999998,20000,524.3254857063293
1102000,0.01779157854616642,5.1715874671936035,5.0761027336120605,0.256451278924942,1.0,0.4914499521255493,0.09999999999999998,20000,529.2936019897461
1103000,0.011216909624636173,4.894279479980469,4.790876388549805,0.276231586933136,1.0,0.2655818462371826,0.09999999999999998,20000,534.0008277893066
1104000,0.008039886131882668,5.174648284912109,5.036881446838379,0.277068555355072,1.0,0.17010745406150818,0.09999999999999998,20000,538.7212479114532
1105000,0.007670972496271133,5.348006725311279,5.3528337478637695,0.19129860401153564,1.0,0.30302271246910095,0.09999999999999998,20000,543.4412279129028
1106000,0.010375944897532463,5.257027626037598,5.18480920791626,0.22420012950897217,1.0,0.33771079778671265,0.09999999999999998,20000,548.0506429672241
1107000,0.017893442884087563,4.586643695831299,4.638602256774902,0.29692965745925903,1.0,0.3224026560783386,0.09999999999999998,20000,552.7500569820404
1108000,0.01217338815331459,4.729762077331543,4.729591369628906,0.23152896761894226,1.0,0.36779215931892395,0.09999999999999998,20000,558.123096704483
1109000,0.010676193982362747,5.080904006958008,4.9914350509643555,0.24358060956001282,1.0,0.32654470205307007,0.09999999999999998,20000,563.5305299758911
1110000,0.008137519471347332,4.631331443786621,4.554785251617432,0.20539245009422302,1.0,0.2592432200908661,0.09999999999999998,20000,569.0795798301697
1111000,0.005477027967572212,5.394262313842773,5.398238182067871,0.19316191971302032,1.0,0.23001006245613098,0.09999999999999998,20000,574.7329518795013
1112000,0.006666155532002449,5.286120414733887,5.2810845375061035,0.16461534798145294,1.0,0.4063202440738678,0.09999999999999998,20000,580.2923939228058
1113000,0.012607392854988575,5.0825419425964355,5.042808532714844,0.20560169219970703,1.0,0.4856964647769928,0.09999999999999998,20000,585.932788848877
1114000,0.018749799579381943,4.98537540435791,4.998835563659668,0.23371610045433044,1.0,0.5621914863586426,0.09999999999999998,20000,591.6513929367065
1115000,0.00579000823199749,4.9218831062316895,4.930083274841309,0.17817392945289612,1.0,0.34425637125968933,0.09999999999999998,20000,597.1892819404602
1116000,0.007337731774896383,5.457911968231201,5.504860877990723,0.19927272200584412,1.0,0.3175361752510071,0.09999999999999998,20000,602.4642210006714
1117000,0.014795375056564808,4.705157279968262,4.714409351348877,0.2733062505722046,1.0,0.34629684686660767,0.09999999999999998,20000,608.025575876236
1118000,0.02418622374534607,5.856404781341553,5.891125679016113,0.26533007621765137,1.0,0.5459594130516052,0.09999999999999998,20000,612.9912619590759
1119000,0.006006216164678335,5.120133876800537,5.0613555908203125,0.19388021528720856,1.0,0.24501198530197144,0.09999999999999998,20000,618.46915102005
1120000,0.009614797309041023,5.349208831787109,5.660434722900391,0.33525991439819336,1.0,0.16028982400894165,0.09999999999999998,20000,623.303436756134
1121000,0.021380189806222916,4.99251651763916,5.0097856521606445,0.26912808418273926,1.0,0.44417518377304077,0.09999999999999998,20000,628.0316438674927
1122000,0.013785161077976227,5.489324569702148,5.468365669250488,0.19584646821022034,1.0,0.48114097118377686,0.09999999999999998,20000,632.7562580108643
1123000,0.008408013731241226,4.6599249839782715,4.692023277282715,0.2184627652168274,1.0,0.350668728351593,0.09999999999999998,20000,638.3208458423615
1124000,0.010190945118665695,4.9023518562316895,4.837121963500977,0.1973835974931717,1.0,0.3892478942871094,0.09999999999999998,20000,643.9793417453766
1125000,0.011982295662164688,4.834228515625,4.791504859924316,0.24276453256607056,1.0,0.303644061088562,0.09999999999999998,20000,649.2329490184784
1126000,0.02238088846206665,4.721311092376709,4.706474304199219,0.255348801612854,1.0,0.4515116810798645,0.09999999999999998,20000,654.5842728614807
1127000,0.02249491587281227,5.191280364990234,5.289648532867432,0.2867647707462311,1.0,0.40526413917541504,0.09999999999999998,20000,660.2201516628265
1128000,0.011614627204835415,4.640786170959473,4.552165985107422,0.20741714537143707,1.0,0.34128934144973755,0.09999999999999998,20000,665.6483080387115
1129000,0.018853995949029922,5.110649108886719,5.048491954803467,0.33933281898498535,1.0,0.3100586235523224,0.09999999999999998,20000,671.3170020580292
1130000,0.007539409678429365,5.774814128875732,5.683298110961914,0.1538107991218567,1.0,0.5002908706665039,0.09999999999999998,20000,676.837739944458
1131000,0.009641265496611595,5.613431453704834,5.702083587646484,0.2240731418132782,1.0,0.3186281621456146,0.09999999999999998,20000,684.0143308639526
1132000,0.02509355917572975,5.39024543762207,5.523359298706055,0.28813672065734863,1.0,0.4900413155555725,0.09999999999999998,20000,691.0240640640259
1133000,0.011397979222238064,5.325922012329102,5.356461524963379,0.21237456798553467,1.0,0.4250117540359497,0.09999999999999998,20000,696.191428899765
1134000,0.007069256156682968,4.756743431091309,4.732517242431641,0.241331547498703,1.0,0.2147117555141449,0.09999999999999998,20000,700.9073836803436
1135000,0.011844420805573463,5.261971473693848,5.212250709533691,0.2929200828075409,1.0,0.25533297657966614,0.09999999999999998,20000,705.6071219444275
1136000,0.002577877137809992,5.428175449371338,5.397370338439941,0.131240114569664,1.0,0.2907165288925171,0.09999999999999998,20000,710.3496408462524
1137000,0.005949682090431452,5.341656684875488,5.2399749755859375,0.24117247760295868,1.0,0.1782066524028778,0.09999999999999998,20000,715.8221487998962
1138000,0.01021761354058981,5.349548816680908,5.3715033531188965,0.2582668662071228,1.0,0.23965711891651154,0.09999999999999998,20000,721.5682418346405
1139000,0.01091720350086689,4.767009258270264,4.738888740539551,0.25603166222572327,1.0,0.29115283489227295,0.09999999999999998,20000,727.055282831192
1140000,0.011865342035889626,4.928422927856445,4.907252311706543,0.20480862259864807,1.0,0.38221079111099243,0.09999999999999998,20000,732.7190208435059
1141000,0.012093182653188705,5.524448394775391,5.462777137756348,0.19520169496536255,1.0,0.4463842511177063,0.09999999999999998,20000,738.2933008670807
1142000,0.03525998070836067,5.70676326751709,5.618769645690918,0.3362360894680023,1.0,0.48909619450569153,0.09999999999999998,20000,744.0523037910461
1143000,0.00471390038728714,4.982671737670898,4.984835624694824,0.18028967082500458,1.0,0.27044665813446045,0.09999999999999998,20000,749.2351679801941
1144000,0.007924085482954979,5.251394748687744,5.249326705932617,0.22731365263462067,1.0,0.2659778892993927,0.09999999999999998,20000,754.5517950057983
1145000,0.017123956233263016,5.076166152954102,5.041677474975586,0.2838151156902313,1.0,0.40506958961486816,0.09999999999999998,20000,760.2220187187195
1146000,0.010117033496499062,5.371781826019287,5.38662052154541,0.21771825850009918,1.0,0.34505560994148254,0.09999999999999998,20000,765.3663260936737
1147000,0.012168105691671371,5.352447986602783,5.346218109130859,0.28311100602149963,1.0,0.19896765053272247,0.09999999999999998,20000,770.7598068714142
1148000,0.02347719669342041,5.322492599487305,5.469174385070801,0.254757821559906,1.0,0.5432916879653931,0.09999999999999998,20000,775.9922199249268
1149000,0.023560835048556328,5.260507106781006,5.238344192504883,0.30010101199150085,1.0,0.463548481464386,0.09999999999999998,20000,780.7628757953644
1150000,0.007563476450741291,5.271451950073242,5.340375900268555,0.3015117943286896,1.0,0.18917803466320038,0.09999999999999998,20000,785.4961490631104
1151000,0.022976141422986984,5.204177379608154,5.255995273590088,0.38742589950561523,1.0,0.28402605652809143,0.09999999999999998,20000,797.1018149852753
1152000,0.0031223706901073456,5.009044647216797,4.998223304748535,0.21406924724578857,1.0,0.15754824876785278,0.09999999999999998,20000,801.7599470615387
1153000,0.010172788053750992,5.186115264892578,5.1742262840271,0.2123674750328064,1.0,0.39548659324645996,0.09999999999999998,20000,806.8652076721191
1154000,0.017139703035354614,5.093979835510254,5.223941326141357,0.28968364000320435,1.0,0.328128457069397,0.09999999999999998,20000,813.6671938896179
1155000,0.01135069690644741,4.873983860015869,4.926810264587402,0.23586024343967438,1.0,0.4004131555557251,0.09999999999999998,20000,820.1772718429565
1156000,0.005458008963614702,5.559903621673584,5.547916412353516,0.17396819591522217,1.0,0.3054802715778351,0.09999999999999998,20000,825.7233316898346
1157000,0.001491997390985489,5.4700927734375,5.5347747802734375,0.1859944462776184,1.0,0.08518534153699875,0.09999999999999998,20000,831.1794698238373
1158000,0.008123165927827358,5.377581596374512,5.303301811218262,0.2232801616191864,1.0,0.23238955438137054,0.09999999999999998,20000,836.6194477081299
1159000,0.010956678539514542,5.313457489013672,5.240274429321289,0.3181135952472687,1.0,0.22491765022277832,0.09999999999999998,20000,842.0535550117493
1160000,0.009787775576114655,5.190052032470703,5.187203407287598,0.22297999262809753,1.0,0.2983279824256897,0.09999999999999998,20000,847.626434803009
1161000,0.0034112948924303055,5.504966735839844,5.576777458190918,0.15697446465492249,1.0,0.2839430272579193,0.09999999999999998,20000,853.168613910675
1162000,0.029955293983221054,5.491004943847656,5.61890983581543,0.30532845854759216,1.0,0.4410833716392517,0.09999999999999998,20000,857.979633808136
1163000,0.020540716126561165,5.477855682373047,5.531536102294922,0.26110368967056274,1.0,0.44662660360336304,0.09999999999999998,20000,862.7393667697906
1164000,0.013953997753560543,5.443449974060059,5.4738569259643555,0.21671593189239502,1.0,0.5487180352210999,0.09999999999999998,20000,867.2978889942169
1165000,0.00955712329596281,5.564990997314453,5.514666557312012,0.21153777837753296,1.0,0.38335078954696655,0.09999999999999998,20000,872.1848528385162
1166000,0.01357758603990078,5.141721725463867,4.914058685302734,0.36199241876602173,1.0,0.23910455405712128,0.09999999999999998,20000,877.6501729488373
1167000,0.020643483847379684,5.325950622558594,5.317301273345947,0.28267380595207214,1.0,0.41152364015579224,0.09999999999999998,20000,882.9760389328003
1168000,0.017418749630451202,5.013047218322754,5.053020477294922,0.286241739988327,1.0,0.335834264755249,0.09999999999999998,20000,888.3491430282593
1169000,0.01652124710381031,5.272482872009277,5.080971717834473,0.39432746171951294,1.0,0.2575756311416626,0.09999999999999998,20000,893.9368009567261
1170000,0.020145701244473457,5.319184303283691,5.374427318572998,0.2688978314399719,1.0,0.4031184911727905,0.09999999999999998,20000,899.2255408763885
1171000,0.009312828071415424,5.768740177154541,5.761756420135498,0.2240126132965088,1.0,0.3422473967075348,0.09999999999999998,20000,904.461817741394
1172000,0.0033518269192427397,5.376540184020996,5.4518561363220215,0.29938098788261414,1.0,0.109566830098629,0.09999999999999998,20000,909.9073457717896
1173000,0.009926609694957733,4.9523468017578125,4.988826751708984,0.25677943229675293,1.0,0.26553720235824585,0.09999999999999998,20000,915.5325467586517
1174000,0.0089064696803689,4.923521995544434,5.027939796447754,0.2568308115005493,1.0,0.22858116030693054,0.09999999999999998,20000,922.1561727523804
1175000,0.01193690299987793,5.325280666351318,5.432219505310059,0.274925172328949,1.0,0.2661952078342438,0.09999999999999998,20000,927.8235268592834
1176000,0.008434242568910122,5.451285362243652,5.416552543640137,0.2016715407371521,1.0,0.3819986581802368,0.09999999999999998,20000,933.2763798236847
1177000,0.01954018324613571,5.193594455718994,5.220890045166016,0.2570067048072815,1.0,0.4144568145275116,0.09999999999999998,20000,937.8595850467682
1178000,0.005407663993537426,4.801891326904297,4.856357097625732,0.20644152164459229,1.0,0.2604793310165405,0.09999999999999998,20000,942.5150940418243
1179000,0.00812970008701086,6.049184799194336,5.986394882202148,0.18706098198890686,1.0,0.4346191883087158,0.09999999999999998,20000,947.0944058895111
1180000,0.0032255128026008606,5.233875751495361,5.241204738616943,0.1934468150138855,1.0,0.17684626579284668,0.09999999999999998,20000,952.1969258785248
1181000,0.014860330149531364,5.811638832092285,5.883774757385254,0.2215915322303772,1.0,0.4331490695476532,0.09999999999999998,20000,957.5766930580139
1182000,0.016102641820907593,5.158473968505859,5.241722106933594,0.24591775238513947,1.0,0.3299758732318878,0.09999999999999998,20000,962.9516379833221
1183000,0.01659131795167923,5.454555034637451,5.464136600494385,0.2074364572763443,1.0,0.41183656454086304,0.09999999999999998,20000,968.1328110694885
1184000,0.01894713193178177,5.485720634460449,5.487995147705078,0.23195677995681763,1.0,0.49492329359054565,0.09999999999999998,20000,974.8963358402252
1185000,0.026850920170545578,4.951284885406494,4.947461128234863,0.2938999831676483,1.0,0.4791370928287506,0.09999999999999998,20000,980.27374792099
1186000,0.005499246530234814,5.209989547729492,5.2890214920043945,0.19317612051963806,1.0,0.2760719060897827,0.09999999999999998,20000,985.7010378837585
1187000,0.01630115881562233,5.473275184631348,5.365391731262207,0.291567862033844,1.0,0.3411811590194702,0.09999999999999998,20000,991.1607058048248
1188000,0.0030678417533636093,4.884629726409912,4.891977310180664,0.1507505476474762,1.0,0.2799127697944641,0.09999999999999998,20000,996.4276537895203
1189000,0.016966095194220543,5.224691390991211,5.370308876037598,0.24423380196094513,1.0,0.4189934730529785,0.09999999999999998,20000,1002.0839388370514
1190000,0.01029520109295845,5.628859519958496,5.65181827545166,0.19088932871818542,1.0,0.40023308992385864,0.09999999999999998,20000,1007.5704908370972
1191000,0.012766294181346893,5.0183329582214355,4.991499900817871,0.2495097815990448,1.0,0.30066877603530884,0.09999999999999998,20000,1013.0112309455872
1192000,0.004988012835383415,4.944286823272705,4.918552398681641,0.21583203971385956,1.0,0.1552429348230362,0.09999999999999998,20000,1017.7095417976379
1193000,0.01003373321145773,5.485809326171875,5.389070510864258,0.26128020882606506,1.0,0.2491278350353241,0.09999999999999998,20000,1022.4318058490753
1194000,0.011528128758072853,5.452695846557617,5.470859050750732,0.2693021893501282,1.0,0.2614773213863373,0.09999999999999998,20000,1028.2132070064545
1195000,0.011983227916061878,5.374864101409912,5.4347968101501465,0.2516041696071625,1.0,0.3244170546531677,0.09999999999999998,20000,1033.6816849708557
1196000,0.005252317525446415,5.498258590698242,5.436201572418213,0.293890118598938,1.0,0.11622239649295807,0.09999999999999998,20000,1039.3716158866882
1197000,0.022612959146499634,5.350803375244141,5.433509349822998,0.3128401041030884,1.0,0.37023723125457764,0.09999999999999998,20000,1044.717179775238
1198000,0.009330281987786293,5.525732040405273,5.567387580871582,0.2351474165916443,1.0,0.3112097978591919,0.09999999999999998,20000,1051.1122879981995
1199000,0.024401962757110596,5.2437872886657715,5.121248245239258,0.3372039794921875,1.0,0.37341707944869995,0.09999999999999998,20000,1056.5848157405853
1200000,0.014478647150099277,5.33349084854126,5.4252424240112305,0.26225745677948,1.0,0.37595006823539734,0.09999999999999998,20000,1062.9704809188843
1201000,0.009994841180741787,5.280467987060547,5.1899003982543945,0.19936072826385498,1.0,0.41006505489349365,0.09999999999999998,20000,1076.7857847213745
1202000,0.019864864647388458,5.275310516357422,5.4755988121032715,0.2836351990699768,1.0,0.3862828314304352,0.09999999999999998,20000,1082.0230939388275
1203000,0.008987736888229847,5.374975204467773,5.420177936553955,0.2573009133338928,1.0,0.2599799931049347,0.09999999999999998,20000,1086.8001689910889
1204000,0.011388716287910938,5.740849494934082,5.666293144226074,0.22837820649147034,1.0,0.3857564330101013,0.09999999999999998,20000,1092.4274938106537
1205000,0.008790317922830582,4.6742424964904785,4.544431686401367,0.2706765830516815,1.0,0.23619720339775085,0.09999999999999998,20000,1097.1511108875275
1206000,0.014471853151917458,5.599503517150879,5.494470596313477,0.2670082449913025,1.0,0.323172926902771,0.09999999999999998,20000,1101.8903739452362
1207000,0.03180009871721268,4.998926639556885,4.9236531257629395,0.37039849162101746,1.0,0.40666499733924866,0.09999999999999998,20000,1106.524425983429
1208000,0.021524179726839066,5.2941460609436035,5.249866962432861,0.28865063190460205,1.0,0.4259743094444275,0.09999999999999998,20000,1111.9593708515167
1209000,0.004600174725055695,5.070146560668945,5.080177307128906,0.1742251217365265,1.0,0.23008175194263458,0.09999999999999998,20000,1117.329875946045
1210000,0.005864568054676056,5.379706859588623,5.420207500457764,0.17944347858428955,1.0,0.2822243273258209,0.09999999999999998,20000,1122.604036808014
1211000,0.011114126071333885,5.725856781005859,5.708377361297607,0.2277827262878418,1.0,0.3400121331214905,0.09999999999999998,20000,1128.4081857204437
1212000,0.014210594817996025,5.048786163330078,5.090260028839111,0.25102752447128296,1.0,0.34776198863983154,0.09999999999999998,20000,1133.8844368457794
1213000,0.009582196362316608,5.5438361167907715,5.5185747146606445,0.2039051502943039,1.0,0.3039846122264862,0.09999999999999998,20000,1139.2417957782745
1214000,0.004786185920238495,5.952416896820068,5.99005126953125,0.15707093477249146,1.0,0.3112046420574188,0.09999999999999998,20000,1144.4927999973297
1215000,0.012288428843021393,5.600997447967529,5.732004165649414,0.22508466243743896,1.0,0.3701481223106384,0.09999999999999998,20000,1150.1406259536743
1216000,0.0038096464704722166,5.615512847900391,5.534948348999023,0.243277907371521,1.0,0.12600375711917877,0.09999999999999998,20000,1155.4338669776917
1217000,0.01201409287750721,5.489096641540527,5.425178527832031,0.2442857176065445,1.0,0.3474963307380676,0.09999999999999998,20000,1161.0853397846222
1218000,0.015651468187570572,5.168162822723389,5.1086320877075195,0.2461358904838562,1.0,0.5009496212005615,0.09999999999999998,20000,1167.342732667923
1219000,0.03436054289340973,4.829442977905273,4.646756172180176,0.38535916805267334,1.0,0.4128783345222473,0.09999999999999998,20000,1172.8031990528107
1220000,0.02759162336587906,5.189285755157471,5.1462907791137695,0.3267803192138672,1.0,0.4487106204032898,0.09999999999999998,20000,1177.6089029312134
1221000,0.009439084678888321,5.021167278289795,4.888934135437012,0.2254316806793213,1.0,0.247076153755188,0.09999999999999998,20000,1182.1485707759857
1222000,0.0061308289878070354,6.103144645690918,6.134631156921387,0.17684853076934814,1.0,0.29323381185531616,0.09999999999999998,20000,1186.7796087265015
1223000,0.012427379377186298,5.353562355041504,5.419027805328369,0.21506927907466888,1.0,0.4285672903060913,0.09999999999999998,20000,1192.1406588554382
1224000,0.009324589744210243,5.783371448516846,5.723369598388672,0.2584928274154663,1.0,0.27019524574279785,0.09999999999999998,20000,1197.2794198989868
1225000,0.019345534965395927,5.220895767211914,5.314980983734131,0.23517316579818726,1.0,0.5058842897415161,0.09999999999999998,20000,1202.7236380577087
1226000,0.017949234694242477,5.0295586585998535,5.028656005859375,0.2324550747871399,1.0,0.40511801838874817,0.09999999999999998,20000,1208.2893047332764
1227000,0.02227311208844185,5.190656661987305,5.286657333374023,0.3015747368335724,1.0,0.37806081771850586,0.09999999999999998,20000,1213.6110708713531
1228000,0.021100621670484543,5.331223487854004,5.556352138519287,0.34897977113723755,1.0,0.2906964421272278,0.09999999999999998,20000,1218.774677991867
1229000,0.012173762544989586,5.019542694091797,4.844200134277344,0.31150317192077637,1.0,0.2379099279642105,0.09999999999999998,20000,1224.4192299842834
1230000,0.007699434645473957,5.253679275512695,5.250049114227295,0.22299295663833618,1.0,0.28893160820007324,0.09999999999999998,20000,1229.9650008678436
1231000,0.00964958593249321,5.494704723358154,5.465819358825684,0.2596976161003113,1.0,0.2721356749534607,0.09999999999999998,20000,1235.195564031601
1232000,0.01757277362048626,5.425909519195557,5.499025821685791,0.26184165477752686,1.0,0.42200377583503723,0.09999999999999998,20000,1242.7700560092926
1233000,0.027980472892522812,4.89249324798584,4.842401504516602,0.3330279588699341,1.0,0.44797441363334656,0.09999999999999998,20000,1248.18856883049
1234000,0.0019839024171233177,5.2332658767700195,5.19060754776001,0.22514426708221436,1.0,0.1016068384051323,0.09999999999999998,20000,1252.9036629199982
1235000,0.007457816507667303,5.133654594421387,5.103085994720459,0.20722675323486328,1.0,0.27655839920043945,0.09999999999999998,20000,1257.5170209407806
1236000,0.004219328053295612,5.4000020027160645,5.347451210021973,0.17760267853736877,1.0,0.224850594997406,0.09999999999999998,20000,1262.2039098739624
1237000,0.011770149692893028,5.176543235778809,5.277463436126709,0.2536157965660095,1.0,0.305085152387619,0.09999999999999998,20000,1267.0457940101624
1238000,0.013246554881334305,5.200704574584961,5.117953300476074,0.19602403044700623,1.0,0.5654469132423401,0.09999999999999998,20000,1272.9271428585052
1239000,0.022799957543611526,5.3734846115112305,5.439910888671875,0.2866552472114563,1.0,0.5208356380462646,0.09999999999999998,20000,1278.0268087387085
1240000,0.021433057263493538,5.611064910888672,5.689375877380371,0.2717629075050354,1.0,0.4320915937423706,0.09999999999999998,20000,1284.4302899837494
1241000,0.0057892571203410625,5.522333145141602,5.513808727264404,0.16309233009815216,1.0,0.38078370690345764,0.09999999999999998,20000,1290.318286895752
1242000,0.015477117151021957,4.844342231750488,4.713623046875,0.2753770351409912,1.0,0.3106480538845062,0.09999999999999998,20000,1295.470384836197
1243000,0.012410221621394157,5.575569152832031,5.534097194671631,0.26915210485458374,1.0,0.25849443674087524,0.09999999999999998,20000,1300.85049700737
1244000,0.005286175757646561,5.000527858734131,5.064188003540039,0.17551249265670776,1.0,0.28152161836624146,0.09999999999999998,20000,1306.97003698349
1245000,0.013343099504709244,4.939502716064453,4.882550239562988,0.25670304894447327,1.0,0.33128470182418823,0.09999999999999998,20000,1313.8298587799072
1246000,0.00553148752078414,5.277139663696289,5.327549934387207,0.16498909890651703,1.0,0.2852977514266968,0.09999999999999998,20000,1319.5143728256226
1247000,0.005747336894273758,5.140033721923828,5.109433174133301,0.18396371603012085,1.0,0.3092457354068756,0.09999999999999998,20000,1325.1234030723572
1248000,0.012890614569187164,5.435697555541992,5.499215602874756,0.17689552903175354,1.0,0.5050377249717712,0.09999999999999998,20000,1330.36421585083
1249000,0.02305578626692295,5.401054382324219,5.488340854644775,0.32316359877586365,1.0,0.40439295768737793,0.09999999999999998,20000,1335.1616230010986
1250000,0.014457503333687782,5.216318130493164,5.146549224853516,0.2658355236053467,1.0,0.3388812243938446,0.09999999999999998,20000,1339.8659908771515
1251000,0.02595769800245762,5.152314186096191,4.917721748352051,0.35520628094673157,1.0,0.3326675295829773,0.09999999999999998,20000,1350.8745877742767
1252000,0.015464872121810913,5.50703239440918,5.481019020080566,0.19260050356388092,1.0,0.5818271636962891,0.09999999999999998,20000,1355.829661846161
1253000,0.018610969185829163,5.193014621734619,5.185736656188965,0.3287213146686554,1.0,0.3060462474822998,0.09999999999999998,20000,1362.82683968544
1254000,0.009744185954332352,4.918551445007324,5.007164001464844,0.19326697289943695,1.0,0.45048290491104126,0.09999999999999998,20000,1368.4034078121185
1255000,0.01038538571447134,5.09517240524292,5.116818428039551,0.23382169008255005,1.0,0.36329931020736694,0.09999999999999998,20000,1373.967073917389
1256000,0.022511299699544907,5.351972579956055,5.481175422668457,0.3126869797706604,1.0,0.413361132144928,0.09999999999999998,20000,1380.674367904663
1257000,0.005528619978576899,5.6005144119262695,5.609106063842773,0.20626503229141235,1.0,0.21909752488136292,0.09999999999999998,20000,1385.9660758972168
1258000,0.02243061549961567,4.924210071563721,4.988283634185791,0.2748878598213196,1.0,0.4711686372756958,0.09999999999999998,20000,1391.585035085678
1259000,0.007215062156319618,5.219728469848633,5.205593109130859,0.18520434200763702,1.0,0.35397499799728394,0.09999999999999998,20000,1397.0523798465729
1260000,0.010029977187514305,5.746488094329834,5.756948471069336,0.22959665954113007,1.0,0.3421003818511963,0.09999999999999998,20000,1402.625473022461
1261000,0.029471436515450478,5.315268039703369,5.1623430252075195,0.3781018853187561,1.0,0.36009228229522705,0.09999999999999998,20000,1407.6593070030212
1262000,0.01576538197696209,5.248439311981201,5.192981719970703,0.2529653310775757,1.0,0.36840489506721497,0.09999999999999998,20000,1412.5386638641357
1263000,0.023022036999464035,5.3388671875,5.3153181076049805,0.2556213140487671,1.0,0.520726203918457,0.09999999999999998,20000,1417.0064687728882
1264000,0.005582811776548624,5.223676681518555,5.158185005187988,0.21673458814620972,1.0,0.19881312549114227,0.09999999999999998,20000,1421.7073848247528
1265000,0.0030869997572153807,5.496360778808594,5.553069114685059,0.1456010639667511,1.0,0.21918214857578278,0.09999999999999998,20000,1427.3503458499908
1266000,0.004535396583378315,5.57853889465332,5.4902801513671875,0.21157026290893555,1.0,0.16112518310546875,0.09999999999999998,20000,1432.9376997947693
1267000,0.012699618935585022,5.377606391906738,5.483318328857422,0.24460694193840027,1.0,0.3896653950214386,0.09999999999999998,20000,1438.4467236995697
1268000,0.014194024726748466,5.161847114562988,5.033445358276367,0.2979881763458252,1.0,0.2950407862663269,0.09999999999999998,20000,1444.1192457675934
1269000,0.014656187035143375,5.574509620666504,5.596584320068359,0.2464655190706253,1.0,0.4625130891799927,0.09999999999999998,20000,1450.0792479515076
1270000,0.010972520336508751,5.279697418212891,5.16608190536499,0.2104177325963974,1.0,0.39022523164749146,0.09999999999999998,20000,1455.944156885147
1271000,0.014896385371685028,4.827500343322754,4.899415016174316,0.32798752188682556,1.0,0.28227531909942627,0.09999999999999998,20000,1461.7397289276123
1272000,0.013756961561739445,5.841721534729004,5.832197189331055,0.2358092963695526,1.0,0.33646151423454285,0.09999999999999998,20000,1467.1559898853302
1273000,0.015413236804306507,5.171487808227539,5.194039821624756,0.34786456823349,1.0,0.2546932101249695,0.09999999999999998,20000,1472.516087770462
1274000,0.018278948962688446,5.236401557922363,5.280318260192871,0.3067328929901123,1.0,0.3529958128929138,0.09999999999999998,20000,1478.1260969638824
1275000,0.00586206978186965,5.6527910232543945,5.631570816040039,0.22412139177322388,1.0,0.21325352787971497,0.09999999999999998,20000,1483.9039459228516
1276000,0.016796357929706573,5.5606489181518555,5.554305553436279,0.28792494535446167,1.0,0.297493040561676,0.09999999999999998,20000,1488.8106927871704
1277000,0.013285408727824688,5.283364295959473,5.234689712524414,0.21060410141944885,1.0,0.4539850354194641,0.09999999999999998,20000,1493.5809998512268
1278000,0.013196738436818123,5.255482196807861,5.1421308517456055,0.3555028438568115,1.0,0.22223281860351562,0.09999999999999998,20000,1498.1212859153748
1279000,0.019514042884111404,5.556825160980225,5.521458625793457,0.2961629033088684,1.0,0.37650156021118164,0.09999999999999998,20000,1503.0811188220978
1280000,0.01681133173406124,5.732865333557129,5.701851844787598,0.25053390860557556,1.0,0.4561436176300049,0.09999999999999998,20000,1508.671663761139
1281000,0.013346651569008827,5.587458610534668,5.630338668823242,0.26363271474838257,1.0,0.28994041681289673,0.09999999999999998,20000,1514.2286698818207
1282000,0.008565868251025677,5.562089443206787,5.569479465484619,0.22762636840343475,1.0,0.2941499948501587,0.09999999999999998,20000,1519.792632818222
1283000,0.02155386656522751,5.123878002166748,5.12338399887085,0.3042820692062378,1.0,0.3581332564353943,0.09999999999999998,20000,1525.3794748783112
1284000,0.007038752548396587,5.263318061828613,5.226567268371582,0.1964792013168335,1.0,0.33475255966186523,0.09999999999999998,20000,1530.5333850383759
1285000,0.0048067765310406685,5.792579174041748,5.786093711853027,0.1666085422039032,1.0,0.3162029981613159,0.09999999999999998,20000,1535.9214248657227
1286000,0.01576763205230236,5.789712905883789,5.891298294067383,0.3139147460460663,1.0,0.2803536057472229,0.09999999999999998,20000,1541.5244460105896
1287000,0.014458607882261276,5.453064441680908,5.398432731628418,0.29996147751808167,1.0,0.32350093126296997,0.09999999999999998,20000,1547.4264678955078
1288000,0.0222745593637228,5.756929397583008,5.569249153137207,0.30593419075012207,1.0,0.3656828701496124,0.09999999999999998,20000,1553.3906219005585
1289000,0.014144792221486568,5.117743968963623,5.144086837768555,0.24707910418510437,1.0,0.4113977253437042,0.09999999999999998,20000,1559.3471689224243
1290000,0.00926782377064228,5.40446662902832,5.393234729766846,0.18940703570842743,1.0,0.4558184742927551,0.09999999999999998,20000,1564.6896579265594
1291000,0.02979232929646969,5.596923828125,5.440622329711914,0.29136329889297485,1.0,0.5179271697998047,0.09999999999999998,20000,1569.5325598716736
1292000,0.008782521821558475,5.597900867462158,5.5686235427856445,0.22509372234344482,1.0,0.24283713102340698,0.09999999999999998,20000,1574.2872660160065
1293000,0.00791904516518116,5.31609582901001,5.41754150390625,0.28867170214653015,1.0,0.20717068016529083,0.09999999999999998,20000,1578.7257149219513
1294000,0.007928047329187393,5.693808078765869,5.696943759918213,0.17665939033031464,1.0,0.3982229232788086,0.09999999999999998,20000,1584.6505029201508
1295000,0.010911038145422935,5.239039897918701,5.320138454437256,0.2801359295845032,1.0,0.2654346227645874,0.09999999999999998,20000,1590.2324349880219
1296000,0.008203907869756222,5.413051605224609,5.43599796295166,0.20230671763420105,1.0,0.393263041973114,0.09999999999999998,20000,1595.5632979869843
1297000,0.01297848578542471,5.28316593170166,5.300323486328125,0.2668326795101166,1.0,0.31005188822746277,0.09999999999999998,20000,1600.9892318248749
1298000,0.026479355990886688,5.451910972595215,5.4933180809021,0.27626413106918335,1.0,0.5289048552513123,0.09999999999999998,20000,1606.515340089798
1299000,0.04294345900416374,5.391865253448486,5.279379844665527,0.40091443061828613,1.0,0.431999534368515,0.09999999999999998,20000,1612.0030438899994
1300000,0.01102765928953886,5.1884026527404785,5.104741096496582,0.2127649486064911,1.0,0.19915764033794403,0.09999999999999998,20000,1617.3007628917694
1301000,0.032007452100515366,5.425934791564941,5.386858940124512,0.3800724148750305,1.0,0.40251094102859497,0.09999999999999998,20000,1631.596023797989
1302000,0.022816037759184837,5.47630500793457,5.544674396514893,0.308704137802124,1.0,0.42487218976020813,0.09999999999999998,20000,1636.504478931427
1303000,0.007027052342891693,4.7260332107543945,4.8017120361328125,0.20668116211891174,1.0,0.31075263023376465,0.09999999999999998,20000,1641.787351846695
1304000,0.008206161670386791,5.574228286743164,5.638147354125977,0.2634267210960388,1.0,0.2104242891073227,0.09999999999999998,20000,1646.9037868976593
1305000,0.010541506111621857,4.669241905212402,4.675251483917236,0.24295330047607422,1.0,0.1989647001028061,0.09999999999999998,20000,1651.7104909420013
1306000,0.026477154344320297,5.091090679168701,5.169427871704102,0.34585946798324585,1.0,0.4378354847431183,0.09999999999999998,20000,1656.4734618663788
1307000,0.012880627997219563,5.4257025718688965,5.37962532043457,0.3237064480781555,1.0,0.22038382291793823,0.09999999999999998,20000,1661.263389825821
1308000,0.009298820048570633,5.016976356506348,4.9115495681762695,0.24522612988948822,1.0,0.26273590326309204,0.09999999999999998,20000,1666.96901679039
1309000,0.007104155607521534,5.8710832595825195,5.891335487365723,0.1774003803730011,1.0,0.43617722392082214,0.09999999999999998,20000,1672.5215928554535
1310000,0.008010347373783588,5.532977104187012,5.52344274520874,0.28301453590393066,1.0,0.1941956728696823,0.09999999999999998,20000,1677.4111828804016
1311000,0.010993956588208675,4.9649858474731445,4.9859113693237305,0.193621426820755,1.0,0.4092499017715454,0.09999999999999998,20000,1682.667937040329
1312000,0.03543157875537872,5.531915187835693,5.357722282409668,0.32809901237487793,1.0,0.5045852065086365,0.09999999999999998,20000,1688.0363068580627
1313000,0.01554636936634779,5.014273166656494,5.009302139282227,0.3382454514503479,1.0,0.263719767332077,0.09999999999999998,20000,1693.3340048789978
1314000,0.011308202520012856,5.829171180725098,5.6440887451171875,0.2931458353996277,1.0,0.15695685148239136,0.09999999999999998,20000,1698.932784795761
1315000,0.015528695657849312,5.735101699829102,5.72608757019043,0.23734405636787415,1.0,0.4636206328868866,0.09999999999999998,20000,1704.5538597106934
1316000,0.02165486477315426,5.295479774475098,5.412466049194336,0.2853343188762665,1.0,0.40331923961639404,0.09999999999999998,20000,1710.0601909160614
1317000,0.014486768282949924,5.770237922668457,5.816671371459961,0.2240203619003296,1.0,0.46019667387008667,0.09999999999999998,20000,1715.8015286922455
1318000,0.017640674486756325,5.0546183586120605,4.971175670623779,0.2125813066959381,1.0,0.5042111873626709,0.09999999999999998,20000,1721.3371767997742
1319000,0.011821537278592587,5.053891658782959,5.031067848205566,0.24353235960006714,1.0,0.3552883565425873,0.09999999999999998,20000,1726.3931999206543
1320000,0.009340609423816204,5.797444820404053,5.70442008972168,0.224447101354599,1.0,0.33144667744636536,0.09999999999999998,20000,1731.1704080104828
1321000,0.020927995443344116,5.096981525421143,5.040363788604736,0.35379543900489807,1.0,0.33067548274993896,0.09999999999999998,20000,1735.7703988552094
1322000,0.00564317824319005,5.440768241882324,5.468386650085449,0.16672348976135254,1.0,0.3087031841278076,0.09999999999999998,20000,1740.492460012436
1323000,0.0023653600364923477,5.153997898101807,5.203554153442383,0.1572110503911972,1.0,0.17479583621025085,0.09999999999999998,20000,1746.085695028305
1324000,0.007721937261521816,5.8742356300354,5.832126140594482,0.20944631099700928,1.0,0.2423938810825348,0.09999999999999998,20000,1751.5346128940582
1325000,0.015207460150122643,5.0302534103393555,4.990616798400879,0.21978938579559326,1.0,0.4034924805164337,0.09999999999999998,20000,1757.0885879993439
1326000,0.026728231459856033,5.2071123123168945,5.092007637023926,0.29423001408576965,1.0,0.47072237730026245,0.09999999999999998,20000,1762.3764379024506
1327000,0.011621508747339249,5.704440116882324,5.655658721923828,0.19009238481521606,1.0,0.4033672511577606,0.09999999999999998,20000,1768.1653578281403
1328000,0.010904550552368164,5.247342109680176,5.1494221687316895,0.24505004286766052,1.0,0.2816540002822876,0.09999999999999998,20000,1774.5997219085693
1329000,0.005715064704418182,6.196805000305176,6.140880107879639,0.2008131444454193,1.0,0.2745465338230133,0.09999999999999998,20000,1779.9936530590057
1330000,0.01514594629406929,6.014229774475098,6.0298614501953125,0.2612057626247406,1.0,0.3640250563621521,0.09999999999999998,20000,1785.5063307285309
1331000,0.017577720806002617,5.4930925369262695,5.577323913574219,0.24403777718544006,1.0,0.3153218626976013,0.09999999999999998,20000,1791.3384237289429
1332000,0.007355297449976206,5.687338352203369,5.533335208892822,0.24853059649467468,1.0,0.19640237092971802,0.09999999999999998,20000,1797.379014968872
1333000,0.01230303943157196,5.7629170417785645,5.889595985412598,0.22281533479690552,1.0,0.3792097568511963,0.09999999999999998,20000,1802.8439769744873
1334000,0.005554845556616783,6.18403434753418,6.1639814376831055,0.1717631071805954,1.0,0.3725345730781555,0.09999999999999998,20000,1807.5434029102325
1335000,0.011087581515312195,5.319238662719727,5.4265055656433105,0.2974282503128052,1.0,0.2489079385995865,0.09999999999999998,20000,1812.1647539138794
1336000,0.006749212741851807,5.541234970092773,5.553083419799805,0.19323629140853882,1.0,0.27679672837257385,0.09999999999999998,20000,1816.7494237422943
1337000,0.008734378963708878,4.87015438079834,4.949739456176758,0.16198568046092987,1.0,0.5623419880867004,0.09999999999999998,20000,1821.7135198116302
1338000,0.003999251406639814,5.861554145812988,5.910653114318848,0.18382014334201813,1.0,0.2290247082710266,0.09999999999999998,20000,1827.1398179531097
1339000,0.008558310568332672,5.474887847900391,5.4604597091674805,0.2287464737892151,1.0,0.3593299984931946,0.09999999999999998,20000,1832.7543487548828
1340000,0.018727997317910194,4.954527854919434,4.876725196838379,0.4402211606502533,1.0,0.27967342734336853,0.09999999999999998,20000,1837.914911031723
1341000,0.022075055167078972,5.260038375854492,5.2357096672058105,0.26298725605010986,1.0,0.4336200952529907,0.09999999999999998,20000,1844.3765287399292
1342000,0.006479870993643999,5.475656509399414,5.57279634475708,0.24104973673820496,1.0,0.1603744477033615,0.09999999999999998,20000,1849.9696369171143
1343000,0.007200852036476135,4.743765830993652,4.752808094024658,0.1891891062259674,1.0,0.38183337450027466,0.09999999999999998,20000,1855.5065867900848
1344000,0.007349764462560415,6.260103225708008,6.300543785095215,0.20802649855613708,1.0,0.2769162654876709,0.09999999999999998,20000,1861.0395319461823
1345000,0.005844411440193653,5.461493492126465,5.511706829071045,0.18541447818279266,1.0,0.2618955969810486,0.09999999999999998,20000,1866.6260118484497
1346000,0.00805214885622263,5.68139123916626,5.716095924377441,0.24821162223815918,1.0,0.26830506324768066,0.09999999999999998,20000,1871.7635867595673
1347000,0.011290479451417923,5.0508222579956055,4.9625749588012695,0.27956610918045044,1.0,0.29643964767456055,0.09999999999999998,20000,1877.2908370494843
1348000,0.00854838639497757,5.961031913757324,5.9887566566467285,0.23924052715301514,1.0,0.31476837396621704,0.09999999999999998,20000,1884.230162858963
1349000,0.019405584782361984,5.493357181549072,5.363786697387695,0.32549697160720825,1.0,0.3465046286582947,0.09999999999999998,20000,1888.9823486804962
1350000,0.004854672122746706,5.440495491027832,5.437870979309082,0.20429208874702454,1.0,0.21244868636131287,0.09999999999999998,20000,1893.873652935028
1351000,0.013461549766361713,4.598124980926514,4.583577632904053,0.23954474925994873,1.0,0.3338419198989868,0.09999999999999998,20000,1905.3728909492493
1352000,0.01240597665309906,5.056917190551758,5.127358436584473,0.24989238381385803,1.0,0.3414084017276764,0.09999999999999998,20000,1910.1419110298157
1353000,0.011965872719883919,4.918484687805176,4.861655235290527,0.1996651142835617,1.0,0.39500266313552856,0.09999999999999998,20000,1914.9372689723969
1354000,0.010630047880113125,4.947674751281738,4.9501953125,0.23660339415073395,1.0,0.32124823331832886,0.09999999999999998,20000,1921.7045938968658
1355000,0.011931601911783218,5.576533317565918,5.618048191070557,0.2319401204586029,1.0,0.3544589877128601,0.09999999999999998,20000,1926.8971538543701
1356000,0.019816219806671143,5.604760646820068,5.682221412658691,0.2742852568626404,1.0,0.51130211353302,0.09999999999999998,20000,1932.1339960098267
1357000,0.03540996462106705,5.219244956970215,5.239304065704346,0.38861024379730225,1.0,0.42199087142944336,0.09999999999999998,20000,1937.519897699356
1358000,0.018629543483257294,5.633282661437988,5.486753940582275,0.28348612785339355,1.0,0.4295406937599182,0.09999999999999998,20000,1942.864042043686
1359000,0.005926170386373997,5.683481693267822,5.5869669914245605,0.30821454524993896,1.0,0.10694964230060577,0.09999999999999998,20000,1948.3129258155823
1360000,0.00968935713171959,5.5973052978515625,5.549522876739502,0.23027509450912476,1.0,0.3473934531211853,0.09999999999999998,20000,1953.439023733139
1361000,0.0236562117934227,5.431259632110596,5.455493927001953,0.3198506236076355,1.0,0.40555667877197266,0.09999999999999998,20000,1959.0599098205566
1362000,0.03813767060637474,5.564833641052246,5.528454780578613,0.4273831248283386,1.0,0.3870711922645569,0.09999999999999998,20000,1963.9531190395355
1363000,0.016497954726219177,5.252706527709961,5.378560543060303,0.2684642970561981,1.0,0.3502705693244934,0.09999999999999998,20000,1968.5541870594025
1364000,0.025947943329811096,5.699991226196289,5.904770851135254,0.34322166442871094,1.0,0.37168025970458984,0.09999999999999998,20000,1973.1838448047638
1365000,0.01608899235725403,5.019228935241699,5.030595779418945,0.307670533657074,1.0,0.25674131512641907,0.09999999999999998,20000,1977.835620880127
1366000,0.03048219159245491,5.414351463317871,5.458531379699707,0.3426799476146698,1.0,0.45094549655914307,0.09999999999999998,20000,1983.1910848617554
1367000,0.017772197723388672,5.718253135681152,5.573940753936768,0.25504055619239807,1.0,0.40205299854278564,0.09999999999999998,20000,1988.7736148834229
1368000,0.02003616653382778,5.48616886138916,5.527749061584473,0.3447195291519165,1.0,0.261385440826416,0.09999999999999998,20000,1993.7055597305298
1369000,0.015033232048153877,5.336091995239258,5.403585433959961,0.2642837166786194,1.0,0.3982667326927185,0.09999999999999998,20000,1999.2021508216858
1370000,0.011846976354718208,5.504819869995117,5.536240100860596,0.32441505789756775,1.0,0.21447192132472992,0.09999999999999998,20000,2004.7836170196533
1371000,0.0351514108479023,5.3861589431762695,5.209946632385254,0.3469395637512207,1.0,0.3513808846473694,0.09999999999999998,20000,2010.0082349777222
1372000,0.012833526358008385,5.526607513427734,5.624650478363037,0.26192498207092285,1.0,0.3233567476272583,0.09999999999999998,20000,2016.0375380516052
1373000,0.012121690437197685,5.210503578186035,5.153186798095703,0.21944665908813477,1.0,0.32906365394592285,0.09999999999999998,20000,2021.3633818626404
1374000,0.016491234302520752,5.688082695007324,5.602749347686768,0.27777916193008423,1.0,0.3476569652557373,0.09999999999999998,20000,2026.616879940033
1375000,0.003658039029687643,5.592257499694824,5.580068588256836,0.20353642106056213,1.0,0.11036363989114761,0.09999999999999998,20000,2032.3924639225006
1376000,0.005798877216875553,5.427162170410156,5.331155776977539,0.23368045687675476,1.0,0.21451058983802795,0.09999999999999998,20000,2039.0952138900757
1377000,0.011761443689465523,5.480565071105957,5.557252407073975,0.3085528016090393,1.0,0.24389776587486267,0.09999999999999998,20000,2043.9325008392334
1378000,0.008419979363679886,5.421297550201416,5.5505828857421875,0.27060943841934204,1.0,0.1796588897705078,0.09999999999999998,20000,2048.6525497436523
1379000,0.012614168226718903,5.341574192047119,5.237659454345703,0.22675667703151703,1.0,0.35047003626823425,0.09999999999999998,20000,2053.280264854431
1380000,0.012079378589987755,5.6067609786987305,5.638222694396973,0.2890692949295044,1.0,0.25905197858810425,0.09999999999999998,20000,2058.0697798728943
1381000,0.017328932881355286,5.784387588500977,5.934074401855469,0.24157536029815674,1.0,0.4656827747821808,0.09999999999999998,20000,2063.963557958603
1382000,0.01251931395381689,5.675559997558594,5.756761074066162,0.19630299508571625,1.0,0.41568613052368164,0.09999999999999998,20000,2069.1967480182648
1383000,0.00675064604729414,5.445199966430664,5.4753804206848145,0.1875479370355606,1.0,0.369893342256546,0.09999999999999998,20000,2074.8681428432465
1384000,0.018752532079815865,5.247760772705078,5.014914512634277,0.3821045160293579,1.0,0.300804078578949,0.09999999999999998,20000,2080.28893494606
1385000,0.018202099949121475,5.710620880126953,5.6946001052856445,0.24090823531150818,1.0,0.5146241784095764,0.09999999999999998,20000,2085.718337059021
1386000,0.01729753613471985,5.396528720855713,5.26747465133667,0.3548439145088196,1.0,0.2985614538192749,0.09999999999999998,20000,2090.944156885147
1387000,0.013116300106048584,4.941079139709473,4.925686359405518,0.24788065254688263,1.0,0.3427325189113617,0.09999999999999998,20000,2096.7077000141144
1388000,0.018243873491883278,5.421687126159668,5.330283164978027,0.22228588163852692,1.0,0.5189554691314697,0.09999999999999998,20000,2102.2624037265778
1389000,0.004855474457144737,5.4242634773254395,5.404900550842285,0.15561246871948242,1.0,0.34656140208244324,0.09999999999999998,20000,2107.7091357707977
1390000,0.019068289548158646,5.681376934051514,5.587566375732422,0.2851353585720062,1.0,0.42926186323165894,0.09999999999999998,20000,2113.1694247722626
1391000,0.007538165897130966,5.544832229614258,5.541191577911377,0.2828088402748108,1.0,0.17229236662387848,0.09999999999999998,20000,2119.9249029159546
1392000,0.015532776713371277,6.00379753112793,5.97599983215332,0.24133294820785522,1.0,0.37965190410614014,0.09999999999999998,20000,2124.846428871155
1393000,0.042130984365940094,5.569737434387207,5.663966655731201,0.3306156396865845,1.0,0.4394296407699585,0.09999999999999998,20000,2129.5226719379425
1394000,0.012656174600124359,5.330265522003174,5.446462154388428,0.2242022156715393,1.0,0.3938014507293701,0.09999999999999998,20000,2134.1957218647003
1395000,0.014026316814124584,5.051726341247559,5.028369426727295,0.2634057402610779,1.0,0.41213035583496094,0.09999999999999998,20000,2139.56804895401
1396000,0.0226967241615057,4.733798980712891,4.707740783691406,0.31626230478286743,1.0,0.34705251455307007,0.09999999999999998,20000,2144.625944852829
1397000,0.0073002297431230545,6.045048713684082,5.947854995727539,0.2020157277584076,1.0,0.3624420762062073,0.09999999999999998,20000,2149.5793578624725
1398000,0.0124743040651083,5.3736443519592285,5.449052333831787,0.25098761916160583,1.0,0.34523433446884155,0.09999999999999998,20000,2155.0506348609924
1399000,0.012515068054199219,5.032537460327148,5.027804851531982,0.2185581475496292,1.0,0.39237838983535767,0.09999999999999998,20000,2160.549561738968
1400000,0.009587131440639496,5.467772006988525,5.434842109680176,0.25361812114715576,1.0,0.26390141248703003,0.09999999999999998,20000,2166.3437299728394
1401000,0.029076745733618736,4.72587776184082,4.8591742515563965,0.3473498821258545,1.0,0.3977370858192444,0.09999999999999998,20000,2179.928206920624
1402000,0.004940827377140522,4.788262367248535,4.698917388916016,0.22542014718055725,1.0,0.17927512526512146,0.09999999999999998,20000,2184.702633857727
1403000,0.02116987854242325,5.332953453063965,5.4728684425354,0.29921990633010864,1.0,0.39819690585136414,0.09999999999999998,20000,2189.459387779236
1404000,0.03716042637825012,5.470170021057129,5.593376159667969,0.3340132534503937,1.0,0.5338951349258423,0.09999999999999998,20000,2193.983383655548
1405000,0.005512202624231577,5.171989440917969,5.201096534729004,0.3040527105331421,1.0,0.13417142629623413,0.09999999999999998,20000,2198.707803964615
1406000,0.012236569076776505,5.7218122482299805,5.731431484222412,0.2264465093612671,1.0,0.35727137327194214,0.09999999999999998,20000,2203.3480508327484
1407000,0.005084218457341194,4.981724262237549,4.97076416015625,0.16819193959236145,1.0,0.2629337012767792,0.09999999999999998,20000,2208.158866882324
1408000,0.019187305122613907,5.774907112121582,5.824196815490723,0.32852703332901,1.0,0.37682145833969116,0.09999999999999998,20000,2212.798402786255
1409000,0.015497648157179356,5.211638927459717,5.2616424560546875,0.247806578874588,1.0,0.4345085024833679,0.09999999999999998,20000,2217.5459656715393
1410000,0.010827066376805305,5.068731307983398,5.005392551422119,0.21341517567634583,1.0,0.3813577890396118,0.09999999999999998,20000,2223.0624220371246
1411000,0.013555094599723816,5.578842639923096,5.624585151672363,0.2561255991458893,1.0,0.33292484283447266,0.09999999999999998,20000,2227.7616238594055
1412000,0.009072091430425644,5.961967468261719,5.883742332458496,0.2680838108062744,1.0,0.21883061528205872,0.09999999999999998,20000,2232.2228679656982
1413000,0.024068523198366165,5.731747627258301,5.755097389221191,0.27359962463378906,1.0,0.5623215436935425,0.09999999999999998,20000,2239.1553297042847
1414000,0.032669901847839355,5.351470947265625,5.287359714508057,0.3325137197971344,1.0,0.4828607439994812,0.09999999999999998,20000,2245.102958917618
1415000,0.016698133200407028,5.333795070648193,5.298637390136719,0.2834020256996155,1.0,0.3736470639705658,0.09999999999999998,20000,2251.371563911438
1416000,0.021710354834794998,5.260416030883789,5.153845310211182,0.26298555731773376,1.0,0.48268476128578186,0.09999999999999998,20000,2257.248668909073
1417000,0.006814401596784592,5.715024948120117,5.649496555328369,0.22698237001895905,1.0,0.21940898895263672,0.09999999999999998,20000,2262.869039773941
1418000,0.03137606754899025,5.820756912231445,5.924992561340332,0.3770318925380707,1.0,0.37510567903518677,0.09999999999999998,20000,2268.2150268554688
1419000,0.007999084889888763,5.277507781982422,5.247833728790283,0.23762333393096924,1.0,0.2517712712287903,0.09999999999999998,20000,2273.6500709056854
1420000,0.015770819038152695,5.757516860961914,5.678244590759277,0.30023664236068726,1.0,0.29630595445632935,0.09999999999999998,20000,2278.784735918045
1421000,0.018502449616789818,5.491765022277832,5.443569183349609,0.23666974902153015,1.0,0.5264042615890503,0.09999999999999998,20000,2283.392230987549
1422000,0.012050243094563484,5.606551170349121,5.506648063659668,0.22187890112400055,1.0,0.3082403838634491,0.09999999999999998,20000,2287.9871039390564
1423000,0.014826149679720402,5.72060489654541,5.4438796043396,0.34855952858924866,1.0,0.24801844358444214,0.09999999999999998,20000,2292.606138944626
1424000,0.004189100116491318,5.067478179931641,5.0206499099731445,0.22293555736541748,1.0,0.19729673862457275,0.09999999999999998,20000,2297.8941419124603
1425000,0.02324008382856846,4.660341739654541,4.700450897216797,0.3424322009086609,1.0,0.3118925988674164,0.09999999999999998,20000,2304.403965950012
1426000,0.0084549430757761,4.777844429016113,4.729686737060547,0.2290332168340683,1.0,0.24796169996261597,0.09999999999999998,20000,2310.129702806473
1427000,0.0019641369581222534,5.8073577880859375,5.8504638671875,0.21548449993133545,1.0,0.10384584963321686,0.09999999999999998,20000,2315.576026916504
1428000,0.01189672015607357,5.3422346115112305,5.315197944641113,0.2344922125339508,1.0,0.34868478775024414,0.09999999999999998,20000,2321.1493508815765
1429000,0.016213733702898026,5.1775312423706055,5.118380069732666,0.28101491928100586,1.0,0.3503338694572449,0.09999999999999998,20000,2326.248079776764
1430000,0.012554435059428215,5.384915351867676,5.426826000213623,0.23483029007911682,1.0,0.3689231276512146,0.09999999999999998,20000,2331.8439638614655
1431000,0.018074287101626396,5.221413612365723,5.239347457885742,0.23624342679977417,1.0,0.507388174533844,0.09999999999999998,20000,2337.3419058322906
1432000,0.009035838767886162,4.88918399810791,4.854069709777832,0.2073671817779541,1.0,0.35114985704421997,0.09999999999999998,20000,2342.9309029579163
1433000,0.006850626785308123,5.338655948638916,5.369505882263184,0.2210841178894043,1.0,0.2609335482120514,0.09999999999999998,20000,2348.312344789505
1434000,0.017082655802369118,5.493877410888672,5.428098201751709,0.22888168692588806,1.0,0.45220819115638733,0.09999999999999998,20000,2353.969078063965
1435000,0.016315074637532234,5.454280853271484,5.621978759765625,0.2787158787250519,1.0,0.44771021604537964,0.09999999999999998,20000,2359.142808675766
1436000,0.005867523606866598,5.496066093444824,5.5092997550964355,0.2150876671075821,1.0,0.24179598689079285,0.09999999999999998,20000,2363.849042892456
1437000,0.010019736364483833,5.500026226043701,5.57570743560791,0.2278367578983307,1.0,0.3223284184932709,0.09999999999999998,20000,2368.431494951248
1438000,0.007973890751600266,5.367209434509277,5.436264514923096,0.219565287232399,1.0,0.3017359972000122,0.09999999999999998,20000,2373.552580833435
1439000,0.02730332873761654,5.327369689941406,5.3355207443237305,0.37615978717803955,1.0,0.39923036098480225,0.09999999999999998,20000,2378.8764848709106
1440000,0.009578205645084381,5.574357032775879,5.5141921043396,0.20504823327064514,1.0,0.35199952125549316,0.09999999999999998,20000,2384.4784257411957
1441000,0.016337892040610313,5.934362411499023,5.976103782653809,0.2563086450099945,1.0,0.38282135128974915,0.09999999999999998,20000,2390.1504640579224
1442000,0.009087853133678436,5.881588935852051,5.8735761642456055,0.162066251039505,1.0,0.5079492330551147,0.09999999999999998,20000,2395.8748359680176
1443000,0.014729768969118595,5.60007381439209,5.626105308532715,0.27803006768226624,1.0,0.3140348792076111,0.09999999999999998,20000,2401.5279910564423
1444000,0.035053495317697525,5.479159355163574,5.440150260925293,0.3560447096824646,1.0,0.4642900824546814,0.09999999999999998,20000,2406.803426027298
1445000,0.009123215451836586,5.503533840179443,5.555538654327393,0.24189800024032593,1.0,0.31164097785949707,0.09999999999999998,20000,2412.446981906891
1446000,0.021253669634461403,5.552758693695068,5.579381942749023,0.25495290756225586,1.0,0.5542728900909424,0.09999999999999998,20000,2417.8197367191315
1447000,0.02528076246380806,5.445746421813965,5.419942378997803,0.2597924470901489,1.0,0.5198417901992798,0.09999999999999998,20000,2423.5473408699036
1448000,0.006745362654328346,5.213172912597656,5.199549674987793,0.1832994520664215,1.0,0.34070903062820435,0.09999999999999998,20000,2429.0040838718414
1449000,0.037512555718421936,5.667144775390625,5.656614780426025,0.3849512040615082,1.0,0.39400213956832886,0.09999999999999998,20000,2435.536146879196
1450000,0.03537542372941971,5.239725112915039,5.309658050537109,0.3592018485069275,1.0,0.4569554328918457,0.09999999999999998,20000,2440.287428855896
1451000,0.011379525065422058,5.25942325592041,5.169633388519287,0.23153866827487946,1.0,0.33089059591293335,0.09999999999999998,20000,2453.60719370842
1452000,0.02175367996096611,5.628964424133301,5.704001426696777,0.23556190729141235,1.0,0.46328532695770264,0.09999999999999998,20000,2458.4841599464417
1453000,0.027375202625989914,5.600815773010254,5.373863220214844,0.32374534010887146,1.0,0.4314853250980377,0.09999999999999998,20000,2463.3747458457947
1454000,0.016097456216812134,5.721436500549316,5.67956018447876,0.2561149299144745,1.0,0.3844001889228821,0.09999999999999998,20000,2468.646978855133
1455000,0.01046842336654663,5.318376541137695,5.405477523803711,0.2277316153049469,1.0,0.3682771623134613,0.09999999999999998,20000,2474.0940606594086
1456000,0.016468597576022148,5.507096290588379,5.4090423583984375,0.2801591157913208,1.0,0.3282434940338135,0.09999999999999998,20000,2479.6558537483215
1457000,0.005269736051559448,5.524509906768799,5.590678691864014,0.22682541608810425,1.0,0.17680412530899048,0.09999999999999998,20000,2486.2062118053436
1458000,0.01293916441500187,5.857388496398926,5.762436866760254,0.20743605494499207,1.0,0.4550648331642151,0.09999999999999998,20000,2491.882350921631
1459000,0.018799087032675743,5.569538116455078,5.473086833953857,0.2823598384857178,1.0,0.3940858840942383,0.09999999999999998,20000,2497.604151725769
1460000,0.01767529360949993,5.858637809753418,5.809206008911133,0.20408402383327484,1.0,0.5490506887435913,0.09999999999999998,20000,2503.302065849304
1461000,0.00594979478046298,5.87918758392334,5.832315921783447,0.22776809334754944,1.0,0.18889564275741577,0.09999999999999998,20000,2508.9167759418488
1462000,0.012891735881567001,5.581393718719482,5.3924665451049805,0.3275225758552551,1.0,0.218953937292099,0.09999999999999998,20000,2516.2726259231567
1463000,0.01471877470612526,5.497128009796143,5.5282206535339355,0.25963783264160156,1.0,0.3348889648914337,0.09999999999999998,20000,2521.2118520736694
1464000,0.010838008485734463,5.482377052307129,5.440522193908691,0.23214414715766907,1.0,0.37819862365722656,0.09999999999999998,20000,2525.6681418418884
1465000,0.04005679115653038,5.269848823547363,5.271682262420654,0.36402976512908936,1.0,0.45832496881484985,0.09999999999999998,20000,2530.1529998779297
1466000,0.010750571265816689,5.493917942047119,5.55233097076416,0.20907457172870636,1.0,0.35766318440437317,0.09999999999999998,20000,2535.6523308753967
1467000,0.011751368641853333,5.376655578613281,5.370338439941406,0.19432002305984497,1.0,0.5031490921974182,0.09999999999999998,20000,2540.411810874939
1468000,0.004445061087608337,5.192224502563477,5.061273574829102,0.2055145800113678,1.0,0.23653511703014374,0.09999999999999998,20000,2545.543855905533
1469000,0.009865767322480679,5.245410442352295,5.345551013946533,0.2002173662185669,1.0,0.3684924244880676,0.09999999999999998,20000,2551.229185819626
1470000,0.013757118955254555,5.697137832641602,5.70939826965332,0.24361054599285126,1.0,0.378139853477478,0.09999999999999998,20000,2556.308290719986
1471000,0.02137979492545128,5.025421142578125,5.075715065002441,0.35885483026504517,1.0,0.2977883219718933,0.09999999999999998,20000,2562.4216289520264
1472000,0.00702820485457778,5.419097900390625,5.4452924728393555,0.1719379723072052,1.0,0.3380778133869171,0.09999999999999998,20000,2568.4623067379
1473000,0.02064230665564537,5.188319683074951,5.129356861114502,0.259559690952301,1.0,0.47142040729522705,0.09999999999999998,20000,2573.778336048126
1474000,0.009570376016199589,5.676453590393066,5.759917259216309,0.29704412817955017,1.0,0.19091558456420898,0.09999999999999998,20000,2579.150298833847
1475000,0.00685842102393508,5.201883316040039,5.214364051818848,0.2637394964694977,1.0,0.1546504646539688,0.09999999999999998,20000,2584.8502848148346
1476000,0.010223700664937496,5.461332321166992,5.478002548217773,0.223678857088089,1.0,0.3140464425086975,0.09999999999999998,20000,2590.545614719391
1477000,0.008497603237628937,5.454565048217773,5.457852363586426,0.17639370262622833,1.0,0.39726078510284424,0.09999999999999998,20000,2595.688754796982
1478000,0.01599377766251564,5.795949935913086,5.653411865234375,0.300978422164917,1.0,0.30567753314971924,0.09999999999999998,20000,2600.443948030472
1479000,0.021630721166729927,5.186027526855469,5.127772331237793,0.3120173513889313,1.0,0.3908764719963074,0.09999999999999998,20000,2605.3474156856537
1480000,0.012375244870781898,4.876964569091797,4.820660591125488,0.23253664374351501,1.0,0.3311387896537781,0.09999999999999998,20000,2610.528785943985
1481000,0.009989896789193153,5.34359073638916,5.338613510131836,0.1951659619808197,1.0,0.42997926473617554,0.09999999999999998,20000,2616.4007148742676
1482000,0.04221555218100548,5.236233711242676,5.305177688598633,0.33491384983062744,1.0,0.5732355117797852,0.09999999999999998,20000,2622.143518924713
1483000,0.009218117222189903,5.5765767097473145,5.5937418937683105,0.21875184774398804,1.0,0.28224676847457886,0.09999999999999998,20000,2627.898456811905
1484000,0.012531029060482979,5.371587753295898,5.3882060050964355,0.20989641547203064,1.0,0.4048158526420593,0.09999999999999998,20000,2634.0054898262024
1485000,0.038868460804224014,5.251645088195801,5.067264556884766,0.3647421598434448,1.0,0.47026705741882324,0.09999999999999998,20000,2640.773282766342
1486000,0.012573426589369774,5.542055130004883,5.661993980407715,0.23120611906051636,1.0,0.36178138852119446,0.09999999999999998,20000,2646.5796449184418
1487000,0.006963195279240608,4.94301700592041,4.985936641693115,0.23901310563087463,1.0,0.22432950139045715,0.09999999999999998,20000,2652.3022468090057
1488000,0.006367889232933521,5.161491870880127,5.10667085647583,0.18419836461544037,1.0,0.39513713121414185,0.09999999999999998,20000,2657.930469751358
1489000,0.01900608278810978,4.309405326843262,4.291286468505859,0.2810280919075012,1.0,0.4205108880996704,0.09999999999999998,20000,2663.3270378112793
1490000,0.007581932935863733,5.211807727813721,5.24326753616333,0.25588709115982056,1.0,0.246223583817482,0.09999999999999998,20000,2669.091310739517
1491000,0.011984731070697308,4.7010602951049805,4.797464847564697,0.23556829988956451,1.0,0.32695406675338745,0.09999999999999998,20000,2674.153345823288
1492000,0.009848594665527344,5.4532575607299805,5.47580623626709,0.18107421696186066,1.0,0.4319416284561157,0.09999999999999998,20000,2679.9903948307037
1493000,0.005841032136231661,4.426460266113281,4.378059387207031,0.15636329352855682,1.0,0.36559873819351196,0.09999999999999998,20000,2684.960608959198
1494000,0.01710643619298935,5.397821426391602,5.486512184143066,0.3889249563217163,1.0,0.22105568647384644,0.09999999999999998,20000,2690.5363976955414
1495000,0.0074471523985266685,5.169000625610352,5.0627899169921875,0.2765072286128998,1.0,0.17591434717178345,0.09999999999999998,20000,2696.927916765213
1496000,0.009231343865394592,6.146373748779297,6.145676612854004,0.2256123423576355,1.0,0.23798543214797974,0.09999999999999998,20000,2702.68798494339
1497000,0.003451669355854392,5.701655864715576,5.75169563293457,0.27254071831703186,1.0,0.09806902706623077,0.09999999999999998,20000,2708.2617087364197
1498000,0.00619273679330945,5.805791854858398,5.833677768707275,0.22613525390625,1.0,0.2114768922328949,0.09999999999999998,20000,2713.8675949573517
1499000,0.022420071065425873,5.2330121994018555,5.252191066741943,0.2625724673271179,1.0,0.508870005607605,0.09999999999999998,20000,2719.424062013626
1500000,0.016586346551775932,4.811324119567871,4.870339393615723,0.30258771777153015,1.0,0.30222323536872864,0.09999999999999998,20000,2726.2764859199524
